10000
3298	9999
3280	9998
3279	9997
3277	9996
3272	9995
3262	9993
3260	9992
3251	9991
32449	9990
32346	9989
3224	9988
32198	9987
3216	9986
31811	9985
31713	9984
31572	9983
31542	9982
31539	9981
31486	9980
31367	9979
3136	9978
31265	9977
31251	9976
3112	9975
3111	9974
30870	9973
30802	9972
30792	9971
30699	9970
30553	9969
3045	9968
30364	9967
30202	9966
3015	9965
30058	9964
29998	9963
2999	9962
29897	9961
29850	9960
29659	9959
29648	9958
2964	9957
2959	9956
2945	9955
2941	9954
2937	9953
29221	9952
2903	9951
2877	9950
2875	9949
28748	9948
28707	9947
2869	9946
2852	9945
28462	9944
28460	9943
2845	9942
28375	9941
2832	9940
28237	9939
28227	9938
2817	9937
2803	9936
2791	9935
27735	9934
2758	9933
2754	9932
27492	9931
2738	9930
2721	9929
27147	9928
2691	9927
26810	9926
26769	9925
26740	9924
2654	9923
26534	9922
26520	9921
2648	9920
26446	9919
2636	9918
2631	9917
26301	9916
26165	9915
26010	9914
2596	9913
2584	9912
25678	9911
2564	9910
25486	9909
2546	9908
2523	9907
25033	9906
2496	9905
2492	9904
2490	9903
2489	9902
2469	9901
24625	9900
24583	9899
2457	9898
2452	9897
24514	9896
24400	9894
24322	9893
24277	9892
2402	9891
24018	9890
2388	9889
2379	9888
23537	9887
2349	9886
2321	9885
2304	9884
22986	9883
2290	9882
22825	9881
22723	9880
22659	9879
2253	9878
2240	9877
2225	9876
2223	9875
22223	9874
2191	9873
2178	9872
21714	9871
2161	9870
2158	9869
21329	9868
2130	9867
2127	9866
21207	9865
21135	9864
2108	9863
2105	9862
20828	9861
20784	9860
2076	9859
2071	9858
20343	9857
2034	9856
2027	9855
20160	9854
20116	9853
19988	9852
1977	9851
1974	9850
19692	9849
19216	9848
1889	9847
18724	9846
18661	9845
1864	9844
1860	9843
1858	9842
1832	9840
18210	9839
1804	9838
17907	9837
1787	9836
1784	9835
17780	9834
1766	9833
17517	9832
17488	9831
1746	9830
17414	9829
1740	9828
1730	9827
1722	9826
1678	9825
1677	9824
1674	9823
16038	9821
1583	9820
1581	9819
1549	9818
14614	9816
1457	9815
1439	9813
1438	9812
14250	9811
14073	9810
14032	9809
1379	9808
1369	9807
13434	9805
1328	9804
12949	9803
12849	9802
12645	9801
12597	9800
1237	9799
1228	9798
1225	9797
12097	9795
1205	9794
11922	9793
11894	9792
1177	9791
11666	9790
1147	9789
1145	9788
1126	9787
1113	9786
1110	9785
11072	9784
1083	9783
1072	9782
1058	9781
10485	9780
1046	9779
1045	9778
10336	9777
1030	9776
1023	9775
1005	9774
9996	9773
9992	9772
9983	9771
9971	9770
9949	9768
9938	9767
9932	9766
9926	9765
9922	9764
9887	9763
9875	9762
9859	9761
9857	9760
9841	9759
9838	9758
9779	9757
9778	9756
9769	9755
9754	9754
9752	9753
9750	9752
9737	9751
9722	9750
9717	9749
9713	9748
9702	9747
9695	9746
9680	9745
9677	9744
9652	9743
9642	9742
9638	9741
9629	9740
9624	9739
9596	9738
9570	9737
9543	9736
9533	9735
9530	9734
9523	9733
9522	9732
9501	9731
9486	9730
9442	9729
9434	9728
9395	9727
9387	9726
9384	9725
9380	9724
9376	9723
9374	9722
9373	9721
9356	9720
9342	9719
9340	9718
9325	9717
9324	9716
9289	9714
9281	9713
9278	9712
9273	9711
9267	9710
9257	9709
9251	9708
9234	9707
9207	9706
9206	9705
9184	9704
9181	9703
9180	9702
9176	9701
9175	9700
9158	9699
9130	9698
9122	9697
9117	9696
9086	9695
9085	9694
9082	9693
9081	9692
9061	9691
9018	9690
9013	9689
9010	9688
8978	9687
8975	9686
8974	9685
8971	9684
8969	9683
8952	9682
8940	9681
8919	9679
8916	9678
8906	9677
8904	9676
8902	9675
8900	9674
8891	9673
8881	9672
8838	9671
8834	9670
8828	9669
8817	9668
8787	9667
8766	9666
8750	9665
8738	9664
8730	9663
8716	9662
8665	9661
8658	9660
8647	9659
8646	9658
8634	9657
8624	9656
8621	9655
8607	9654
8600	9653
8596	9652
8551	9651
8539	9650
8530	9649
8524	9648
8512	9647
8492	9646
8479	9645
8458	9644
8446	9643
8445	9642
8440	9641
8422	9640
8404	9639
8399	9638
8388	9637
8380	9636
8351	9635
8347	9634
8329	9633
8326	9632
8260	9631
8259	9630
8258	9629
8186	9628
8179	9627
8156	9626
8075	9625
8067	9624
8066	9623
8038	9622
8010	9621
7999	9620
7991	9619
7974	9618
7971	9617
7930	9616
7916	9615
7914	9614
7913	9613
7907	9612
7864	9611
7862	9610
7847	9609
7841	9608
7816	9607
7802	9606
7800	9605
7796	9604
7792	9603
7780	9602
7773	9601
7770	9600
7757	9599
7756	9598
7741	9597
7699	9595
7695	9594
7694	9593
7679	9592
7667	9591
7661	9590
7655	9589
7653	9588
7651	9587
7640	9586
7637	9585
7612	9584
7592	9583
7587	9582
7584	9581
7576	9580
7572	9579
7559	9578
7554	9577
7545	9576
7543	9575
7540	9574
7539	9573
7538	9572
7535	9571
7534	9570
7522	9569
7518	9568
7515	9567
7503	9566
7490	9565
7466	9564
7429	9563
7381	9562
7376	9561
7372	9560
7367	9559
7361	9558
7358	9557
7353	9556
7346	9555
7311	9554
7304	9553
7288	9552
7264	9551
7252	9550
7238	9549
7217	9548
7213	9547
7200	9546
7179	9545
7176	9544
7163	9543
7137	9542
7130	9541
7109	9539
7086	9538
7082	9537
7060	9536
7052	9535
7051	9534
7039	9533
7037	9532
7036	9531
7023	9530
7018	9529
6983	9528
6979	9527
6945	9525
6917	9524
6907	9523
6860	9522
6837	9521
6828	9520
6818	9519
6810	9518
6802	9517
6786	9516
6780	9515
6755	9514
6729	9513
6727	9512
6725	9511
6677	9510
6570	9508
6556	9507
6548	9506
6545	9505
6539	9504
6528	9503
6504	9502
6503	9501
6495	9500
6481	9499
6459	9498
6451	9497
6442	9496
6435	9495
6430	9494
6389	9493
6384	9492
6383	9491
6381	9490
6358	9489
6353	9488
6338	9487
6337	9486
6334	9485
6316	9484
6312	9483
6292	9482
6280	9481
6269	9480
6259	9479
6243	9478
6199	9477
6193	9476
6187	9475
6165	9474
6161	9473
6120	9471
6119	9470
6116	9469
6110	9468
6070	9467
6058	9466
6049	9465
6044	9464
6038	9463
6033	9462
6013	9461
6011	9460
6005	9459
5990	9458
5967	9457
5938	9456
5913	9455
5878	9454
5875	9453
5868	9452
5867	9451
5832	9450
5812	9449
5796	9448
5764	9447
5752	9446
5747	9445
5704	9443
5678	9442
5625	9439
5616	9438
5612	9437
5582	9435
5567	9434
5536	9433
5505	9432
5489	9431
5466	9430
5465	9429
5455	9428
5404	9427
5389	9426
5345	9425
5333	9424
5332	9423
5292	9422
5273	9421
5262	9420
5249	9418
5247	9417
5236	9416
5233	9415
5223	9414
5206	9413
5183	9412
5179	9411
5155	9410
5152	9409
5136	9408
5123	9407
5109	9406
5072	9404
5069	9403
5051	9402
5002	9401
4980	9400
4967	9399
4966	9398
4947	9397
4935	9396
4929	9395
4921	9394
4905	9393
4904	9392
4889	9391
4886	9390
4885	9389
4877	9388
4864	9387
4862	9386
4861	9385
4859	9384
4855	9383
4852	9382
4782	9379
4780	9378
4736	9377
4717	9376
4713	9375
4711	9374
4705	9373
4703	9372
4694	9371
4656	9370
4643	9369
4628	9368
4602	9367
4598	9366
4596	9365
4580	9364
4578	9363
4571	9362
4558	9361
4554	9360
4526	9359
4522	9358
4502	9357
4488	9356
4487	9355
4479	9354
4473	9353
4462	9352
4453	9351
4451	9350
4426	9349
4422	9348
4417	9347
4415	9346
4411	9345
4396	9344
4391	9343
4370	9342
4367	9341
4350	9340
4347	9339
4304	9338
4303	9337
4293	9336
4270	9335
4260	9334
4229	9333
4209	9332
4206	9331
4197	9330
4195	9329
4191	9328
4179	9327
4178	9326
4156	9325
4154	9324
4146	9323
4135	9322
4115	9321
4097	9320
4090	9319
4083	9318
4047	9317
4028	9316
4025	9315
4013	9314
3994	9313
3988	9312
3985	9311
3976	9310
3967	9309
3954	9308
3950	9307
3939	9306
3926	9305
3905	9303
3900	9302
3874	9301
3870	9300
3857	9299
3856	9298
3842	9297
3818	9296
3812	9295
3771	9294
3763	9293
3754	9292
3748	9291
3744	9290
3728	9289
3712	9288
3673	9287
3663	9286
3659	9285
3649	9283
3634	9282
3630	9281
3629	9280
3614	9279
3613	9278
3605	9277
3600	9276
3583	9275
3571	9274
3555	9273
3546	9272
3526	9271
35232	9270
3520	9269
35180	9268
3518	9267
35121	9266
35115	9265
3507	9264
3496	9263
3481	9262
3475	9261
3468	9260
3464	9259
3452	9258
34461	9257
3443	9256
3418	9255
3413	9254
33986	9253
33965	9252
3395	9251
3391	9250
33905	9249
3378	9248
3363	9247
3355	9246
33457	9245
3344	9244
3328	9243
3321	9242
3319	9241
32889	9240
3286	9239
3285	9238
32750	9237
3249	9236
3237	9235
32294	9234
3228	9233
3213	9232
3196	9230
3194	9229
3182	9228
31754	9226
31725	9225
3171	9224
3170	9223
3168	9222
3167	9221
3159	9220
3156	9219
3151	9218
31321	9217
3116	9216
3104	9215
3100	9214
3081	9213
3076	9212
30703	9211
3070	9210
30536	9209
30475	9208
3038	9207
3036	9206
30215	9205
30189	9204
29960	9203
2996	9202
2979	9201
2946	9200
2944	9199
2934	9198
2928	9197
2906	9196
28921	9195
2892	9194
2879	9193
2868	9192
28621	9191
2824	9190
28231	9189
2821	9188
28134	9187
2813	9186
2792	9185
2786	9184
2775	9183
27713	9182
2765	9181
2757	9180
2751	9179
2749	9178
2748	9177
27135	9176
2708	9175
2707	9174
2704	9173
2703	9172
2675	9170
2673	9169
2667	9168
2650	9167
2646	9166
2638	9165
26214	9164
26080	9163
2608	9162
25817	9161
2581	9160
2576	9159
2567	9158
2557	9157
2544	9156
2531	9155
2520	9153
25140	9152
2506	9151
25010	9150
24851	9149
24843	9148
2479	9147
24569	9146
2449	9145
2448	9144
2445	9143
24285	9142
2424	9141
2423	9140
24193	9139
2405	9138
2400	9137
2386	9136
2376	9135
23756	9134
23627	9133
2355	9132
2348	9131
2338	9130
23349	9129
23348	9128
2334	9127
2314	9126
2313	9125
2312	9124
2308	9123
2305	9122
2303	9121
22947	9120
2284	9119
2275	9118
2266	9117
2258	9115
22371	9114
2233	9113
2226	9112
2216	9111
2203	9110
2199	9109
21854	9108
2180	9107
21648	9106
2153	9105
21407	9104
2136	9103
2096	9102
2072	9101
2070	9100
20689	9099
2067	9098
2051	9097
2040	9096
2032	9095
2017	9094
2016	9093
2015	9092
20098	9091
20095	9090
2008	9089
1965	9088
1964	9087
1963	9086
1948	9085
1942	9084
1941	9083
1934	9082
1928	9081
1914	9080
1892	9079
18789	9078
1878	9077
1867	9076
1861	9075
1844	9074
1824	9073
18140	9072
1812	9071
18112	9070
1811	9069
1809	9068
1808	9067
1798	9066
1795	9065
1793	9064
1777	9063
17769	9062
1767	9061
17464	9060
1744	9059
1736	9058
17245	9057
1724	9056
1718	9055
1707	9054
1667	9053
9955	9769
1648	9052
1638	9051
1625	9050
1613	9049
1584	9048
1573	9047
15726	9046
15701	9045
1558	9044
15256	9043
1506	9042
15042	9041
1500	9040
1489	9039
1482	9038
14724	9037
1467	9036
1466	9035
1465	9034
1446	9033
1444	9032
14216	9031
14088	9030
1370	9029
1359	9028
1350	9027
1341	9026
1305	9025
12941	9024
1292	9023
1285	9022
1284	9021
1283	9020
1281	9019
1264	9018
1238	9017
1227	9016
1195	9015
1153	9014
1128	9013
1120	9012
1117	9011
1115	9010
1102	9009
1100	9008
1098	9007
1097	9006
1056	9005
1029	9004
10184	9003
1018	9002
1017	9001
1014	9000
1008	8999
1007	8998
9989	8997
9972	8996
9968	8995
9962	8994
9928	8993
9914	8992
9909	8991
9905	8990
9877	8989
9871	8988
9863	8987
9837	8986
9827	8985
9812	8984
9807	8983
9805	8982
9803	8981
9763	8980
9760	8979
9748	8978
9741	8977
9735	8976
9710	8975
9709	8974
9699	8973
9698	8972
9693	8971
9689	8970
9650	8969
9646	8968
9641	8967
9636	8966
9628	8965
9564	8964
9547	8963
9545	8962
9544	8961
9539	8960
9471	8959
9466	8958
9463	8956
9460	8955
9443	8954
9439	8953
9430	8952
9417	8951
9403	8950
9379	8949
9375	8948
9364	8947
9363	8946
9313	8945
9310	8944
9303	8943
9290	8942
9264	8941
9263	8940
9256	8939
9249	8938
9215	8937
9213	8936
9197	8934
9188	8933
9183	8932
9177	8931
9163	8930
9162	8929
9161	8928
9160	8927
9150	8926
9148	8925
9146	8924
9139	8923
9136	8922
9129	8921
9126	8920
9115	8919
9110	8918
9104	8917
9103	8916
9101	8915
9099	8914
9096	8913
9088	8912
9079	8911
9076	8910
9069	8909
9067	8908
9066	8907
9062	8906
9022	8905
9005	8904
9002	8903
8989	8902
8979	8901
8972	8900
8968	8899
8966	8898
8961	8897
8960	8896
8958	8895
8912	8893
8911	8892
8909	8891
8908	8890
8907	8889
8905	8888
24492	9895
8896	8887
8890	8886
8871	8885
8865	8884
8860	8883
8853	8882
8845	8880
8844	8879
8843	8878
8841	8877
8840	8876
8836	8875
8825	8874
8805	8873
8793	8872
8791	8871
8784	8870
8783	8869
8775	8868
8769	8867
8768	8866
8759	8865
8741	8864
8724	8863
8723	8862
8713	8861
8712	8860
8703	8859
8692	8858
8689	8857
8675	8856
8674	8855
8668	8854
8664	8853
8662	8852
8656	8851
8649	8850
8644	8849
8639	8848
8617	8847
8608	8846
8597	8845
8593	8844
8577	8843
8575	8842
8574	8841
8555	8840
8554	8839
8525	8838
8513	8837
8504	8836
8502	8835
8501	8834
8498	8833
8488	8832
8431	8831
8428	8830
8403	8829
8393	8828
8391	8827
8385	8826
8375	8825
8368	8824
8354	8823
8353	8822
8343	8821
8331	8820
8327	8819
8319	8818
8314	8817
8311	8816
8306	8815
8297	8814
8291	8813
8289	8812
8270	8811
8262	8810
8254	8809
8249	8808
8219	8807
8206	8806
8170	8805
8165	8804
8153	8803
8116	8800
8106	8799
8103	8798
8083	8797
8076	8796
8073	8795
8072	8794
8065	8793
8058	8792
8049	8791
8034	8789
8032	8788
8022	8787
8000	8786
800	8785
7990	8784
7986	8783
7976	8782
7937	8781
7909	8780
7904	8779
7903	8778
7896	8777
7867	8776
7860	8775
7858	8774
7836	8773
7834	8772
7833	8771
7815	8770
7808	8769
7805	8768
7803	8767
7795	8766
7734	8765
7718	8764
7682	8763
7680	8762
7674	8761
7665	8760
7650	8759
7648	8758
7647	8757
7632	8756
7630	8755
7607	8754
7606	8753
7601	8752
7598	8751
7585	8750
7582	8749
7564	8748
7556	8747
7526	8746
7523	8745
7508	8744
7502	8743
7495	8742
7489	8741
7488	8740
7449	8739
7356	8738
7348	8737
7342	8736
7323	8735
7312	8734
7299	8733
7290	8732
7289	8731
7257	8730
7227	8729
7216	8728
7204	8727
7203	8726
7193	8725
7192	8724
7184	8723
7170	8722
7166	8721
7164	8720
7159	8719
7150	8718
7136	8717
7132	8716
7124	8715
7115	8714
7114	8713
7096	8712
7085	8711
7075	8710
7070	8709
7050	8708
7034	8707
7017	8706
7014	8705
7003	8704
6995	8703
6981	8702
6970	8701
6968	8700
6967	8699
6954	8698
6950	8697
6949	8696
6948	8695
6940	8694
6916	8693
6900	8692
6893	8691
6888	8690
6880	8689
6841	8688
6840	8687
6829	8686
6822	8685
6816	8684
6801	8683
6800	8682
6790	8681
6783	8680
6781	8679
6759	8678
6752	8677
6739	8676
6706	8675
6699	8674
6673	8673
6664	8672
6663	8671
6649	8670
6634	8669
6615	8668
6611	8667
6602	8666
6597	8665
6594	8664
6593	8663
6579	8662
6577	8661
6576	8660
6547	8659
6541	8658
6535	8657
6517	8656
6513	8655
6512	8654
6507	8653
6496	8652
6477	8651
6465	8650
6462	8649
6454	8648
6447	8647
6444	8646
6423	8645
6420	8644
6416	8643
6405	8642
6404	8641
6395	8640
6392	8639
6388	8637
6385	8636
6375	8635
6361	8634
6349	8633
6348	8632
6341	8631
6326	8630
6274	8629
6260	8628
6239	8627
6238	8626
6231	8625
6219	8624
6214	8623
6192	8622
6189	8621
6184	8620
6181	8619
6171	8618
6168	8617
6145	8615
6126	8614
6117	8613
6113	8612
6112	8611
6107	8610
6102	8609
6081	8608
6041	8606
6029	8604
6027	8603
6003	8602
6001	8601
5991	8600
5982	8599
5949	8598
5928	8597
5927	8596
5921	8595
5879	8594
5874	8593
5870	8592
5858	8591
5857	8590
5846	8589
5825	8588
5822	8587
5807	8586
5803	8585
5801	8584
5783	8583
5774	8582
5773	8581
5761	8580
5748	8579
5743	8578
5715	8576
5710	8575
5703	8574
5694	8572
5685	8571
5676	8570
5672	8569
5652	8568
5641	8567
5632	8566
5615	8565
5609	8564
5603	8563
5598	8562
5577	8561
5573	8560
5563	8558
5558	8557
5554	8556
5519	8555
5518	8554
5516	8553
5492	8552
5490	8551
5485	8550
5474	8549
5458	8548
5456	8547
5418	8546
5387	8545
5386	8544
5383	8543
5380	8542
5364	8541
5356	8540
5331	8539
5318	8538
5310	8537
5307	8536
5288	8533
5276	8532
5257	8531
5255	8530
5254	8529
5253	8528
5230	8527
5219	8526
5209	8524
5195	8523
5185	8522
5180	8521
5171	8520
5147	8519
5141	8518
5131	8517
5122	8516
5118	8515
5104	8514
5073	8513
5055	8512
5041	8511
5038	8510
5037	8509
5032	8508
5029	8507
5007	8506
4993	8504
4961	8503
4955	8502
4937	8501
4933	8500
4896	8499
4866	8498
4833	8497
4814	8496
4798	8495
4793	8494
4784	8493
4758	8492
4755	8491
4748	8490
4747	8489
4729	8488
4715	8487
4697	8486
4695	8485
4663	8484
4650	8483
4638	8482
4614	8481
4607	8480
4601	8479
4597	8478
4594	8477
4572	8476
4569	8475
4561	8474
4555	8473
4525	8471
4520	8470
4501	8469
4486	8468
4474	8467
4467	8466
4460	8465
4455	8464
4443	8463
4437	8462
4434	8461
4430	8460
4421	8459
4414	8458
5735	9444
4406	8457
4379	8456
4375	8455
4366	8454
4356	8453
4334	8452
4333	8451
4308	8450
4278	8449
4276	8448
4255	8447
4238	8446
4237	8445
4232	8444
4230	8443
4227	8442
4200	8441
4198	8440
4180	8439
4173	8438
4136	8437
4130	8436
4128	8435
4122	8434
4108	8433
4092	8432
4084	8431
4076	8430
4065	8429
4048	8428
4045	8427
4044	8426
4032	8425
4030	8424
4027	8423
4024	8422
4023	8421
4022	8420
4018	8419
4016	8418
3996	8417
3983	8416
3964	8415
3943	8414
3936	8413
3932	8412
3911	8411
3908	8410
3904	8409
3890	8408
3887	8407
3882	8406
3869	8405
3868	8404
3859	8403
3840	8402
3831	8400
3828	8399
3823	8398
3816	8397
3814	8396
3813	8395
3783	8394
3780	8393
3773	8392
3766	8391
3764	8390
3719	8389
3717	8388
3713	8387
3707	8386
3705	8385
3697	8384
3695	8383
3689	8382
3685	8381
3684	8380
3679	8379
3668	8378
3667	8377
36580	8376
3645	8375
3640	8374
3632	8373
36225	8372
3619	8371
36084	8370
3606	8369
3604	8368
3602	8367
3599	8366
3585	8365
3584	8364
35740	8363
3572	8362
3567	8360
3562	8359
3559	8358
3554	8357
3550	8356
3545	8355
35442	8354
3542	8353
3539	8352
3523	8351
3511	8350
35093	8349
3509	8348
3506	8347
3494	8346
3483	8345
3482	8344
34775	8343
3476	8342
34723	8341
3470	8340
3466	8339
3460	8338
34550	8337
34543	8336
3453	8335
3440	8334
3437	8333
3432	8332
3430	8331
3426	8330
3412	8329
3405	8328
33959	8327
3388	8326
3383	8325
3379	8324
33755	8323
3375	8322
3361	8321
3350	8320
33423	8319
3338	8318
33113	8317
3302	8316
3301	8315
3288	8314
3275	8313
32730	8312
3273	8311
3270	8310
3257	8309
32446	8308
32290	8307
3226	8306
3220	8305
3214	8304
3211	8303
3201	8302
31673	8301
3160	8300
3158	8299
3157	8298
3131	8297
3127	8296
31185	8295
3099	8294
30986	8293
3095	8292
3060	8291
3057	8290
30532	8289
3050	8288
3049	8287
3034	8286
3029	8285
3027	8284
30268	8283
3020	8282
3016	8281
3012	8280
3005	8279
3002	8278
29801	8277
2962	8276
2957	8275
2956	8274
2921	8273
2915	8272
2911	8271
2901	8270
2891	8269
28816	8268
2860	8267
2854	8266
2842	8265
2840	8264
2818	8263
2802	8262
2796	8261
2783	8260
27415	8259
2734	8258
2726	8257
27242	8256
2694	8255
2688	8254
2676	8253
2672	8252
2670	8251
2662	8250
2661	8249
2660	8248
2659	8247
2657	8246
2634	8245
2633	8244
2632	8243
2629	8242
2614	8241
2600	8240
2598	8239
25969	8238
2591	8237
2590	8236
2582	8235
2562	8234
2549	8233
2540	8232
2530	8230
2525	8229
2519	8228
2513	8227
2512	8226
2507	8225
2503	8224
2502	8223
2488	8222
2486	8221
2484	8220
2480	8219
2465	8218
2455	8217
2443	8216
2440	8215
2428	8214
2418	8213
2411	8211
2387	8210
2381	8209
2367	8208
2365	8207
2364	8206
2350	8205
2320	8204
2317	8203
2301	8202
2294	8201
2283	8200
2281	8199
2279	8198
2277	8197
2270	8196
2267	8195
2257	8194
2250	8193
2235	8192
2224	8191
2201	8190
2177	8189
2175	8188
2170	8187
2168	8186
2147	8185
2144	8184
2124	8183
2114	8182
2086	8181
2060	8180
20586	8179
2049	8178
2031	8177
2020	8176
2018	8175
2001	8174
1998	8173
1994	8172
1976	8171
1962	8170
19582	8169
19549	8168
1922	8167
1918	8166
1910	8165
1902	8164
1891	8163
1883	8162
1865	8161
1845	8160
1839	8159
1826	8158
1818	8157
1813	8156
1797	8155
1794	8154
1778	8153
1772	8152
1743	8151
1742	8150
1739	8149
1733	8148
1732	8147
1711	8146
1690	8145
1683	8144
1666	8143
1665	8142
1651	8141
1650	8140
1640	8139
1622	8137
1620	8136
16165	8135
1609	8134
16043	8133
1600	8132
1586	8131
1580	8130
1564	8129
1550	8128
1544	8127
1542	8126
1537	8125
1524	8124
1512	8123
1501	8122
1447	8121
1425	8120
1415	8119
1412	8118
1400	8117
1391	8116
1385	8115
1382	8114
1376	8113
1349	8112
1337	8111
1318	8110
1308	8109
1295	8108
1294	8107
9464	8957
1267	8106
1262	8105
1260	8104
1235	8103
1231	8102
1223	8101
1217	8100
1175	8097
1168	8096
1167	8095
1163	8094
1159	8093
1151	8092
1124	8091
1075	8090
1066	8089
1063	8088
1062	8087
1042	8086
1041	8085
1020	8084
1015	8083
9986	8081
9985	8080
9967	8079
9966	8078
9960	8077
9958	8076
9954	8075
9953	8074
9946	8073
9945	8072
9937	8071
9936	8070
9931	8069
9930	8068
9920	8067
9899	8066
9898	8065
9888	8064
9882	8063
9868	8062
9854	8061
9853	8060
9851	8059
9836	8058
9809	8057
9801	8056
9797	8055
9795	8054
9775	8053
9774	8052
9747	8050
9730	8049
9721	8048
9716	8047
9703	8046
9686	8045
9682	8044
9675	8043
9671	8042
9648	8041
9640	8040
9639	8039
9623	8038
9621	8037
9620	8036
9619	8035
9614	8034
9599	8033
9578	8032
9559	8031
9557	8030
9554	8029
9532	8028
9515	8027
9505	8026
9500	8025
9490	8024
9484	8023
9476	8022
9453	8021
9432	8020
9431	8019
9426	8018
9425	8017
9419	8016
9418	8015
9407	8014
9366	8013
9361	8012
9360	8011
9359	8010
9348	8009
9345	8008
9344	8007
9337	8006
9335	8005
9333	8004
9295	8003
9291	8002
9277	8001
9276	8000
9266	7999
9243	7998
9229	7996
9228	7995
9224	7994
6076	8607
9219	7993
9217	7992
9208	7991
9193	7990
9171	7989
9170	7988
9169	7987
9164	7986
9149	7985
9143	7983
9123	7982
9119	7981
9118	7980
9114	7979
9113	7978
9058	7977
9044	7976
9032	7975
9030	7974
9021	7973
9006	7972
9003	7971
900	7970
8997	7969
8992	7968
8987	7967
8962	7966
8959	7965
8950	7964
8942	7963
8929	7962
8913	7961
8899	7960
8894	7959
8893	7958
8877	7957
8868	7956
8835	7955
8820	7954
8811	7953
8810	7952
8799	7951
8797	7950
8792	7949
8771	7948
8761	7947
8760	7946
8751	7945
8736	7944
8728	7943
8715	7942
8714	7941
8707	7940
8700	7939
8679	7938
8678	7937
8655	7936
8654	7935
8653	7934
8650	7933
8648	7932
8635	7931
8633	7930
8599	7928
8590	7927
8587	7926
8582	7925
8580	7924
8572	7923
8560	7922
8545	7921
8543	7920
8542	7919
8538	7918
8532	7917
8519	7916
8515	7915
8511	7914
8508	7913
850	7912
8472	7911
8466	7910
8456	7909
8449	7908
8447	7907
8441	7906
8436	7905
8427	7904
8418	7903
8410	7902
8390	7901
8378	7900
8372	7899
8367	7898
8350	7897
8342	7896
8333	7895
8290	7894
8286	7893
8263	7892
8255	7891
8244	7890
8221	7889
8214	7888
8203	7887
8191	7886
8188	7885
8184	7884
8175	7883
8169	7882
8163	7881
8160	7880
8140	7879
8139	7878
8135	7877
8132	7876
8110	7875
8097	7874
8090	7873
8080	7872
8064	7871
8054	7870
8051	7869
8050	7868
8039	7867
8018	7866
8016	7865
8014	7864
8007	7863
8003	7862
7997	7861
7995	7860
7981	7859
7980	7858
7979	7857
7970	7856
7967	7855
7954	7854
7944	7853
7939	7852
7928	7851
7899	7850
7889	7849
7876	7848
7865	7846
7861	7845
7856	7844
7853	7843
7844	7842
7814	7840
7810	7839
7806	7838
7793	7837
7783	7836
7779	7835
7755	7834
7754	7833
7749	7832
7748	7831
7747	7830
7742	7829
7735	7828
7732	7827
7707	7826
7706	7825
7678	7824
7659	7823
7649	7822
7616	7821
7614	7820
5722	8577
7613	7819
7610	7818
7579	7817
7578	7816
7568	7815
7555	7813
7553	7812
7548	7811
7547	7810
7537	7809
7529	7808
7524	7807
7499	7806
7486	7805
7485	7804
7479	7803
7465	7802
7451	7801
7443	7800
7435	7799
7433	7798
7411	7797
7409	7796
7408	7795
7407	7794
7403	7793
7397	7792
7396	7791
7377	7790
7355	7789
7350	7788
7349	7787
7334	7786
7327	7785
7324	7784
7319	7783
7317	7782
7303	7781
7301	7780
7298	7779
7296	7778
7286	7777
7243	7776
7226	7775
7201	7774
7199	7773
7175	7771
7155	7770
7149	7769
7108	7768
7107	7767
7056	7766
7047	7765
7035	7764
7026	7763
7024	7762
7022	7761
6997	7760
6975	7759
6971	7758
6944	7757
6933	7756
6932	7755
6931	7754
6903	7753
6889	7752
6885	7751
6857	7750
6844	7749
6843	7748
6839	7747
6836	7746
6830	7745
6820	7744
6817	7743
6815	7742
6813	7741
6805	7740
6803	7739
6798	7738
6785	7737
6773	7736
6746	7735
6744	7734
6743	7733
6740	7732
6738	7731
6731	7730
6726	7729
6723	7728
6721	7727
6717	7726
6714	7725
6702	7724
6698	7723
6694	7722
6658	7721
6641	7720
6630	7719
6592	7718
6574	7717
6571	7716
6549	7715
6537	7714
6531	7713
6516	7712
6510	7711
6509	7710
6508	7709
6502	7708
6491	7707
6460	7706
6457	7705
6452	7704
6443	7703
6440	7702
6417	7701
6414	7700
6412	7699
6408	7698
6399	7697
6367	7696
6363	7695
6359	7694
6357	7693
6356	7692
6352	7691
6339	7690
6329	7689
6325	7688
6315	7687
6311	7686
6291	7685
6290	7684
6288	7683
6284	7682
6261	7681
6257	7680
6251	7679
6249	7678
6227	7677
6226	7676
6225	7675
6221	7674
6220	7673
6216	7672
6209	7671
6208	7670
6183	7669
6178	7668
6175	7667
6173	7666
6172	7665
6170	7664
6166	7663
6163	7662
6155	7661
6103	7660
6101	7659
6094	7658
6092	7657
6075	7656
6073	7655
6060	7654
6048	7653
6047	7652
6030	7651
6023	7650
6021	7649
6019	7648
6018	7647
6009	7646
5993	7645
5992	7644
5987	7643
5986	7642
5963	7640
5951	7639
5950	7638
5948	7637
5941	7636
5936	7635
5929	7634
5925	7633
5919	7632
5907	7631
5905	7630
5904	7629
5863	7628
5851	7627
5844	7626
5843	7625
5826	7624
5823	7623
5809	7622
5800	7621
5799	7620
5795	7619
5779	7618
5776	7617
5770	7616
5762	7615
5744	7614
5739	7613
5736	7612
5728	7611
5726	7610
5718	7609
5705	7608
5696	7607
5692	7606
5680	7605
5677	7604
5675	7603
5639	7602
5630	7601
5627	7600
5619	7599
5596	7598
5589	7597
5574	7596
5569	7595
5556	7594
5548	7593
5544	7592
5533	7591
5527	7590
5523	7589
5521	7588
5520	7587
5503	7586
5481	7585
5479	7584
5472	7583
5452	7582
5447	7581
5442	7580
5433	7579
5429	7578
5407	7577
5401	7576
5397	7575
5394	7574
5385	7573
5381	7572
5377	7571
5363	7570
5355	7569
5342	7568
5338	7567
5325	7566
5319	7565
5315	7564
5314	7563
5304	7562
5299	7561
5291	7560
5290	7559
5268	7558
5263	7557
5246	7556
5242	7555
5241	7554
5228	7553
5225	7552
5190	7551
5189	7550
5182	7549
5181	7548
5170	7547
5156	7546
5129	7545
5119	7544
5115	7543
5114	7542
5087	7541
5079	7540
5077	7539
5062	7538
5053	7537
5040	7536
5039	7535
5027	7534
5024	7533
5005	7532
5004	7531
4990	7530
4983	7529
4977	7528
4957	7527
4939	7526
4927	7525
4914	7524
4908	7523
4893	7522
4890	7521
4881	7520
4872	7519
4871	7518
4867	7517
4857	7516
4842	7515
4837	7514
4827	7513
4822	7512
4802	7511
4795	7510
4781	7509
4774	7508
4772	7507
4770	7506
4766	7505
4765	7504
4741	7503
4732	7502
4728	7501
4724	7500
4710	7499
4704	7498
4698	7497
4691	7496
4686	7495
4684	7494
4671	7493
4658	7492
4653	7491
24156	8212
4641	7489
4627	7488
4625	7487
4624	7486
4618	7485
4610	7484
4608	7483
4549	7481
4547	7480
4540	7479
4529	7478
4518	7477
4516	7476
4492	7475
4478	7474
4464	7473
4459	7472
4447	7471
4442	7470
4441	7469
4429	7468
4427	7467
4425	7466
4398	7465
4395	7464
4390	7463
4385	7462
4360	7461
4355	7460
4345	7459
4339	7458
4325	7457
4323	7456
4314	7455
4312	7454
4311	7453
4302	7452
4294	7451
4289	7450
4285	7449
4273	7448
4271	7447
4265	7446
4262	7445
4530	8472
4254	7444
4239	7443
4231	7442
4225	7441
4217	7440
4186	7439
4185	7438
4171	7437
4170	7436
4169	7435
4160	7434
4152	7433
4127	7432
4124	7431
4121	7430
4109	7429
4096	7428
4082	7427
4071	7426
4067	7425
4064	7424
4063	7423
4020	7422
4004	7421
4001	7420
3989	7419
3980	7418
3968	7417
3965	7416
3952	7415
3946	7414
3942	7413
3941	7412
3934	7411
3931	7410
3899	7408
3897	7407
3889	7406
3883	7405
3879	7404
3878	7403
3873	7402
3852	7400
3834	7399
3832	7398
3804	7397
3793	7396
3792	7395
3787	7394
3786	7393
3772	7392
3762	7391
3739	7389
3734	7388
3711	7387
3678	7386
3665	7385
3661	7384
7826	7841
36547	7383
36391	7382
3608	7381
3598	7380
3594	7379
3593	7378
3589	7377
3580	7376
3576	7375
3564	7374
3558	7373
3544	7372
3536	7371
35140	7370
3514	7369
3503	7368
3487	7367
3478	7366
3461	7365
3458	7364
3455	7363
34407	7362
3429	7361
3421	7360
3419	7359
3416	7358
3404	7357
3393	7356
3392	7355
33814	7354
3372	7353
3371	7352
3368	7351
33612	7350
3360	7349
3352	7348
33518	7347
3340	7346
3334	7345
3327	7344
3326	7343
3315	7342
3313	7341
3309	7340
3306	7339
3297	7338
3296	7337
3268	7336
3264	7335
3263	7334
32425	7333
3242	7332
3239	7331
3232	7329
32250	7328
3212	7327
3208	7326
3204	7325
3199	7324
3197	7323
3195	7322
3190	7321
3172	7320
3164	7319
3154	7318
3125	7317
3114	7315
3110	7314
3105	7313
3101	7312
3089	7311
30852	7310
3073	7309
3071	7308
3067	7307
3064	7306
3062	7305
3053	7304
3041	7303
3014	7302
3003	7301
2998	7300
2997	7299
2993	7298
2982	7297
2981	7296
2980	7295
2966	7294
2949	7293
2947	7292
1204	8098
2939	7291
8926	9680
2938	7290
2923	7289
2917	7288
2910	7287
29039	7286
2893	7285
2887	7284
2867	7282
2862	7281
2855	7280
2850	7279
2835	7278
2834	7277
2833	7276
2808	7275
27921	7274
2788	7273
2766	7272
2762	7271
2753	7270
2750	7269
2743	7268
2740	7267
2739	7266
27346	7265
2731	7264
2727	7263
2725	7262
2709	7261
2706	7260
2696	7259
2689	7258
2687	7257
2683	7256
2678	7255
2668	7254
2647	7253
26378	7252
2625	7251
2618	7250
2613	7249
2606	7248
2588	7247
2575	7246
2573	7245
2570	7244
25693	7243
2569	7242
2565	7241
2554	7240
2541	7239
2538	7238
2522	7237
2521	7236
2516	7235
2509	7234
2497	7233
2485	7232
2463	7231
2451	7230
2444	7229
2435	7228
2434	7227
2410	7226
2383	7225
2366	7224
2354	7223
2352	7222
2351	7221
2341	7220
2340	7219
2335	7218
2333	7217
2331	7216
2330	7215
2323	7214
2318	7213
2307	7212
2295	7211
2289	7210
2278	7209
2272	7208
2263	7207
2261	7206
2251	7205
2239	7204
2238	7203
2228	7202
2212	7201
2210	7200
2206	7199
2205	7198
2196	7197
2194	7196
2188	7195
2187	7194
2185	7193
2184	7192
2179	7191
2149	7190
2142	7189
2140	7188
2118	7187
2115	7186
2109	7185
2084	7184
2069	7183
2059	7182
2057	7181
2025	7180
2014	7179
2006	7178
1989	7177
1988	7176
1987	7175
1984	7174
1979	7173
1961	7172
1945	7171
1944	7170
1939	7169
19183	7168
1916	7167
1913	7166
1901	7165
1897	7164
1886	7163
1875	7162
1872	7161
1838	7160
1830	7159
1822	7158
1805	7157
1796	7156
1785	7155
1782	7154
1781	7153
1768	7152
1759	7151
1757	7150
1741	7149
1729	7148
1716	7147
1713	7146
1702	7145
1701	7144
1691	7143
1676	7142
1661	7141
1657	7140
1633	7139
1627	7138
1623	7137
1621	7136
1607	7135
1604	7134
1603	7133
1599	7132
1594	7130
1571	7129
1567	7128
1554	7127
1551	7126
1547	7125
1545	7124
1540	7123
1539	7122
1536	7121
1532	7120
1531	7119
1513	7118
1507	7117
1490	7116
1484	7115
1479	7114
1476	7113
1475	7112
1472	7111
1460	7110
1454	7109
1442	7108
1435	7107
1427	7105
1420	7104
1417	7103
1407	7102
1398	7101
1390	7100
1378	7099
1367	7098
1357	7097
1355	7096
1353	7095
1348	7094
1338	7093
1298	7092
1297	7091
1254	7089
1252	7088
1248	7087
1242	7086
1219	7085
1218	7084
1208	7083
1202	7082
1200	7081
1185	7080
1182	7079
1172	7078
1154	7077
1152	7076
1150	7075
1146	7074
1140	7073
1131	7072
1122	7071
1079	7070
1078	7069
1073	7068
1036	7066
1034	7065
1028	7064
1027	7063
1006	7062
топ	7061
пассажиров	7060
top	7059
9995	7058
9978	7057
9951	7056
9934	7055
9925	7054
9924	7053
9910	7052
9904	7051
9902	7050
9896	7049
9885	7048
9884	7047
9881	7046
9866	7044
9848	7043
9846	7042
9835	7041
9816	7040
9814	7039
9806	7038
9804	7037
9792	7036
9782	7035
9781	7034
9777	7033
9776	7032
9762	7031
9758	7030
9753	7029
9736	7028
9729	7027
9728	7026
9723	7025
9720	7024
9718	7023
9705	7022
9694	7021
9690	7020
9665	7019
9661	7018
9635	7017
9631	7016
9630	7015
9606	7014
9593	7013
9581	7012
9574	7011
9573	7010
9553	7009
9551	7008
9542	7007
9540	7006
9514	7004
9511	7003
950	7002
9487	7001
9482	7000
9473	6999
9455	6998
9451	6997
9447	6996
9433	6995
9429	6994
9420	6993
9410	6992
9382	6991
9370	6990
9368	6989
9358	6988
9352	6987
9329	6986
9317	6985
9307	6984
9305	6983
9304	6982
9287	6980
9280	6979
9270	6978
9262	6977
9261	6976
9258	6975
9252	6974
9248	6973
9242	6972
9238	6971
9235	6970
9232	6969
9218	6968
9212	6967
9209	6966
9204	6965
9200	6964
9195	6963
9191	6962
9187	6961
9174	6960
9159	6959
9156	6958
9155	6957
9142	6956
9137	6955
9132	6954
9128	6953
9121	6952
9105	6951
9098	6950
9093	6949
9054	6948
9050	6947
9041	6946
9039	6945
9035	6944
9034	6943
9031	6942
9028	6941
9027	6940
9012	6939
8995	6938
8984	6937
8976	6936
8963	6935
8953	6934
8948	6933
8944	6932
8933	6931
8932	6930
8914	6929
8910	6928
8895	6927
8885	6926
8878	6925
8874	6924
8869	6923
8857	6922
8855	6921
8854	6920
8852	6919
8849	6918
8848	6917
8839	6916
8832	6915
8829	6914
8806	6913
8802	6912
8801	6911
8798	6910
8795	6909
8782	6908
8778	6907
8772	6906
8764	6905
8762	6904
8755	6903
8753	6902
8746	6901
8742	6900
8722	6899
8720	6898
8711	6897
8699	6896
8691	6895
8690	6894
8686	6893
8683	6892
8676	6891
8645	6890
8630	6888
8627	6887
8619	6886
8611	6885
8589	6884
8578	6883
8565	6882
8562	6881
8553	6880
8537	6879
8528	6878
8521	6877
8520	6876
8518	6875
8491	6874
8474	6873
8473	6872
8465	6871
8464	6870
8452	6869
8429	6868
8409	6867
8407	6866
8405	6865
8397	6864
8384	6863
8374	6862
8373	6861
8365	6860
8362	6859
8357	6858
8323	6857
8318	6856
8313	6855
8303	6854
8296	6853
8295	6852
8293	6851
8292	6850
8281	6849
8275	6848
8245	6847
8237	6846
8235	6845
8231	6844
8225	6843
8222	6842
8211	6841
8205	6840
8200	6839
8198	6838
8196	6837
8195	6836
8194	6835
8193	6834
8189	6833
8172	6832
8167	6831
8157	6830
8151	6829
8145	6828
8131	6827
8126	6826
8119	6825
8105	6823
8102	6822
8101	6821
8096	6820
8087	6819
8081	6818
8071	6817
8070	6816
8063	6815
8053	6814
8047	6813
8042	6812
8037	6811
8033	6810
8031	6809
8017	6808
8013	6807
8008	6806
8006	6805
7994	6804
7987	6803
7977	6802
7966	6801
7958	6799
7955	6797
7949	6796
7941	6795
7938	6794
7932	6793
7911	6792
7902	6791
7894	6790
7884	6789
7883	6788
7873	6787
7871	6786
7846	6785
7839	6784
7837	6783
7818	6782
7817	6781
32620	9994
7797	6780
7791	6779
7789	6778
7781	6777
7775	6776
7745	6775
7744	6774
7739	6773
7733	6772
7730	6771
7722	6770
7713	6769
7712	6768
7708	6767
7704	6766
7698	6765
7693	6764
7673	6763
7671	6762
7666	6761
7652	6760
7645	6759
7644	6758
7642	6757
7629	6756
7622	6755
7619	6754
7604	6753
7594	6752
7586	6751
7581	6750
7580	6749
7575	6748
7562	6746
7551	6745
7549	6744
7542	6743
7541	6742
7532	6741
5261	9419
7530	6740
7517	6739
7516	6738
7512	6737
7476	6736
7462	6735
7457	6734
7455	6733
7450	6732
7447	6731
7445	6730
7414	6729
7399	6728
7398	6727
7393	6726
7380	6725
7375	6724
7374	6723
7371	6722
7363	6721
7344	6720
7335	6719
7326	6718
7316	6717
7313	6716
7302	6715
7295	6714
7283	6712
7275	6711
7273	6710
7272	6709
7271	6708
7270	6707
7241	6706
7239	6705
7232	6704
7222	6703
7209	6702
7180	6701
7152	6700
7141	6699
7110	6698
7099	6697
7098	6696
7080	6695
7074	6694
7069	6693
7067	6692
7062	6691
7059	6690
7057	6689
7025	6688
7021	6687
7013	6686
7002	6685
6996	6684
6994	6683
6992	6682
6978	6681
6977	6680
6976	6679
6972	6678
6966	6677
6961	6676
6951	6675
6939	6674
6936	6673
6926	6672
6925	6671
6923	6670
6909	6669
6908	6668
6904	6667
6881	6666
6878	6665
6872	6664
6869	6663
6865	6662
6858	6661
6853	6660
6851	6659
6848	6658
6846	6657
6838	6656
6835	6655
6796	6654
6795	6653
6784	6652
6778	6651
6728	6649
6722	6648
6716	6647
6713	6646
6697	6645
6691	6644
6685	6643
6674	6642
6662	6641
6652	6640
6647	6639
4996	8505
6646	6638
6633	6637
6631	6636
6626	6635
6623	6634
6617	6633
6614	6632
6607	6631
6605	6630
6598	6629
6590	6628
6589	6627
6587	6626
6584	6625
6580	6624
6561	6623
6559	6622
6550	6621
6533	6620
6532	6619
6524	6618
6518	6616
6511	6615
6505	6614
6501	6613
6500	6612
6469	6611
6449	6610
6437	6609
6366	6608
6362	6607
6347	6606
6335	6605
6328	6604
6324	6603
6323	6602
6320	6601
6317	6600
6310	6599
6306	6598
6296	6597
6295	6596
6289	6595
6285	6594
6282	6593
6268	6592
6256	6591
6248	6590
6247	6589
6240	6587
6222	6586
6197	6585
6177	6584
6157	6583
6154	6582
6151	6581
6150	6580
6147	6579
6131	6578
6130	6577
6129	6576
6124	6575
6122	6574
6121	6573
6118	6572
6115	6571
6089	6570
6054	6569
6052	6568
6050	6567
6024	6566
6020	6565
6012	6564
6010	6563
6000	6562
5979	6561
5976	6560
5953	6559
5945	6558
5937	6557
5935	6556
5922	6555
5917	6554
5916	6553
5910	6552
5895	6551
5865	6550
5864	6549
5859	6548
5855	6547
5852	6546
5845	6545
5842	6544
5836	6543
5834	6542
5819	6541
5817	6540
5815	6539
5797	6538
5786	6537
5778	6536
8142	8802
5777	6535
5769	6534
5763	6533
5740	6532
5738	6531
5712	6530
5709	6529
5684	6528
5670	6527
7959	6800
5668	6526
5666	6525
5663	6524
5661	6523
5655	6522
5650	6521
5644	6520
5638	6519
5614	6518
5605	6517
5593	6516
5587	6515
5586	6514
5576	6513
5564	6512
5545	6511
5543	6510
5541	6509
5534	6508
5525	6507
5513	6506
5495	6505
5484	6504
5483	6503
8133	8801
5482	6502
5480	6501
5473	6500
5461	6499
5451	6498
5437	6497
5436	6496
5423	6495
5413	6494
5411	6493
5409	6492
5402	6491
5395	6490
5390	6489
5388	6488
5382	6487
5379	6486
5371	6485
5368	6484
5367	6483
5326	6482
5320	6481
5316	6480
5303	6479
5266	6478
5251	6477
5250	6476
5244	6475
5232	6474
5215	6473
5194	6472
5191	6471
5175	6470
5166	6469
5165	6468
5163	6467
5148	6466
5140	6465
5130	6464
5124	6463
5110	6462
5097	6461
5094	6460
5092	6459
5090	6458
5085	6457
5074	6456
5067	6455
5059	6454
5054	6453
5048	6452
5036	6451
5035	6450
5022	6449
5021	6448
4959	6447
4949	6446
4948	6445
4918	6444
4916	6443
4913	6442
4902	6441
4901	6440
4884	6439
4883	6438
4880	6437
4878	6436
4874	6434
4870	6433
4868	6432
4865	6431
4860	6430
4846	6428
4845	6427
4826	6426
4815	6425
4804	6424
4801	6423
4794	6422
4785	6421
4776	6420
4771	6419
4763	6418
4750	6417
4749	6416
4744	6415
4730	6414
4709	6413
4681	6412
4680	6411
4676	6410
4659	6409
4652	6408
4640	6407
4633	6406
4630	6405
4599	6404
4586	6403
4574	6402
4573	6401
4570	6400
4565	6399
4552	6398
4550	6397
4541	6396
4535	6395
4533	6394
4524	6392
4515	6391
4508	6390
4507	6389
4504	6388
4498	6387
4496	6386
4483	6385
4481	6384
4463	6383
4433	6382
4420	6381
4419	6380
4404	6379
4389	6378
4388	6377
4382	6376
4352	6375
4343	6374
4338	6372
4316	6371
4306	6370
4305	6369
4291	6368
4290	6367
4249	6365
4240	6364
4224	6363
4223	6362
4221	6361
4218	6360
4214	6359
4213	6358
4210	6357
4208	6356
4207	6355
4203	6354
4201	6353
4190	6352
4188	6351
4187	6350
4177	6349
4176	6348
4174	6347
4148	6346
4147	6345
4134	6344
4133	6343
4131	6342
4114	6341
4113	6340
4101	6339
4093	6338
4086	6337
4062	6335
4059	6334
4040	6333
4037	6332
4029	6331
4019	6330
4008	6329
3743	7390
3966	6328
3962	6327
3960	6326
3953	6325
3948	6324
3912	6323
3907	6322
3898	6321
3892	6320
3888	6319
3875	6318
3864	6317
3860	6316
3854	6315
3853	6314
3848	6313
3845	6312
3827	6311
3815	6310
3809	6309
3806	6308
3805	6307
3767	6306
3761	6305
3758	6304
3751	6303
3747	6302
3746	6301
3745	6300
3737	6299
3736	6298
3732	6297
3730	6296
3725	6295
3720	6294
3716	6293
3710	6292
3692	6291
3681	6290
3656	6289
3655	6288
3642	6287
3639	6286
3623	6285
3595	6284
3592	6283
3581	6282
3574	6281
3573	6280
3566	6279
3552	6278
3551	6277
3549	6276
3548	6275
35451	6274
3532	6273
3519	6272
3513	6271
3502	6270
3495	6269
3436	6267
3427	6266
3411	6265
3403	6264
3402	6263
3370	6262
3367	6261
3353	6260
3351	6259
3348	6258
3343	6257
3335	6256
3329	6255
3324	6254
3291	6253
3281	6252
3267	6251
3259	6250
3255	6249
3254	6248
3244	6247
3238	6246
3222	6245
3218	6244
3206	6243
3205	6242
3187	6241
3186	6240
3185	6239
3183	6238
3179	6237
3161	6236
3155	6235
3153	6234
3152	6233
3150	6232
3138	6231
3119	6230
3109	6229
3093	6228
3082	6227
3079	6226
3058	6225
3047	6224
3043	6223
3031	6222
3010	6221
3009	6220
2975	6219
2965	6218
2963	6217
2958	6216
2953	6215
2952	6214
2943	6213
2929	6212
2927	6211
2922	6210
2918	6209
2913	6208
2890	6207
2886	6206
2885	6205
2858	6204
2853	6203
2849	6202
2847	6201
2846	6200
2838	6199
2837	6198
2827	6197
2820	6196
2805	6195
2804	6194
2795	6193
2794	6192
2778	6191
2770	6190
2747	6189
2733	6188
2730	6187
2729	6186
2718	6185
2717	6184
2701	6183
2695	6182
2686	6181
2666	6180
2652	6179
2644	6178
2640	6177
2619	6176
2611	6175
2599	6174
2589	6173
2583	6172
2580	6171
2568	6170
2561	6169
2537	6168
2529	6167
2527	6166
2514	6165
2505	6164
2498	6163
2495	6162
2491	6161
2487	6160
2471	6159
2446	6158
2439	6157
2432	6155
2417	6154
2409	6153
2406	6152
2404	6151
2385	6150
2380	6149
2375	6148
2373	6147
2372	6146
2369	6145
2362	6144
2361	6143
2360	6142
2359	6141
2342	6140
2337	6139
2329	6138
2327	6137
2325	6136
2316	6135
2315	6134
2311	6133
2310	6132
2302	6131
2292	6130
2286	6129
2276	6128
2268	6127
2265	6126
2254	6125
2243	6124
2237	6123
2236	6122
2193	6121
2192	6120
2182	6119
2176	6118
2173	6117
2172	6116
2160	6115
2157	6114
2133	6113
2129	6112
2102	6111
2100	6110
2097	6109
2093	6108
2081	6106
2063	6105
2062	6104
2053	6103
2023	6102
2009	6101
2005	6100
1996	6099
1981	6098
1980	6097
1972	6096
1971	6095
1969	6094
1966	6093
1958	6092
1954	6091
1951	6090
1943	6089
1940	6088
1935	6087
1933	6086
1923	6085
1917	6084
1912	6083
1896	6082
1894	6081
1882	6080
1879	6079
1855	6077
1847	6076
1843	6075
1842	6074
1836	6073
1833	6072
1815	6071
1803	6070
1802	6069
1783	6068
1776	6067
1775	6066
1770	6065
1762	6064
1754	6063
1735	6062
1726	6061
1712	6060
17067	6059
1687	6058
1684	6057
1682	6056
1668	6055
1664	6054
1663	6053
1660	6052
1659	6051
1656	6050
1652	6049
1637	6047
1634	6046
1614	6045
1612	6044
1606	6043
1591	6042
1587	6041
1575	6040
1568	6038
1556	6037
1552	6036
1543	6035
1520	6034
1451	6032
1441	6031
1436	6030
1423	6029
1419	6028
1410	6027
1405	6026
1395	6025
1392	6024
1384	6023
1375	6022
1372	6021
1368	6020
1366	6019
1340	6018
1335	6017
1325	6016
1322	6015
1319	6014
1310	6013
1302	6012
1301	6011
1299	6010
1293	6009
1291	6008
1288	6007
1286	6006
1282	6005
1278	6004
1275	6003
1274	6002
1273	6001
1261	6000
1251	5999
1243	5998
1226	5997
1220	5996
1215	5995
5671	9441
1199	5994
1194	5993
1192	5992
1186	5991
1183	5990
1181	5989
1165	5988
1161	5987
1148	5986
1139	5985
1123	5984
1118	5983
1094	5982
1074	5981
1068	5980
1061	5979
1059	5978
1038	5977
1033	5976
1032	5975
1012	5974
9976	5973
9969	5972
9964	5971
9963	5970
9941	5969
9939	5968
9917	5967
9903	5966
9891	5965
9890	5964
9873	5963
9870	5962
9862	5961
9861	5960
9860	5959
9855	5958
9852	5957
9844	5956
9834	5955
9831	5954
9830	5953
9824	5952
9821	5951
9800	5950
9794	5949
9791	5948
9786	5947
9767	5946
9744	5945
9739	5944
9734	5943
9726	5942
9715	5941
9706	5940
9701	5939
9700	5938
9691	5937
9666	5936
9664	5935
9660	5934
9659	5933
9653	5932
9634	5931
9626	5930
9615	5929
9607	5928
9602	5927
9586	5926
9576	5924
9572	5923
9541	5922
9525	5921
9518	5920
9517	5919
9516	5918
9507	5917
9506	5916
9499	5915
9494	5914
9488	5913
9481	5912
9479	5911
7709	9596
9475	5910
9462	5909
9445	5908
9436	5907
9424	5906
9405	5905
9401	5904
9349	5903
9339	5902
9338	5901
9328	5900
9327	5899
9322	5898
9318	5897
9285	5896
9282	5895
9259	5894
9250	5893
9247	5892
9240	5891
9237	5890
9236	5889
9227	5888
9226	5887
9223	5886
9222	5885
9221	5884
9216	5883
9198	5882
9186	5881
9182	5880
9179	5879
9178	5878
9167	5877
9153	5876
9135	5875
9120	5874
9072	5872
9063	5871
9049	5870
9038	5869
9037	5868
9036	5867
9020	5866
9019	5865
9017	5864
9016	5863
9007	5862
8993	5861
8991	5860
8988	5859
8982	5858
8970	5857
8946	5856
8943	5855
8928	5854
8922	5853
8918	5852
8882	5851
8879	5850
8875	5849
8866	5848
8861	5847
8859	5846
8827	5845
8803	5844
8788	5843
8743	5842
8732	5841
8731	5840
8726	5839
8721	5838
8719	5837
8701	5836
8696	5835
8695	5834
8684	5833
8681	5832
8677	5831
8637	5830
8629	5829
8623	5828
8620	5827
8616	5826
8613	5825
8606	5824
8604	5823
8603	5822
8601	5821
8588	5820
8569	5818
8564	5817
8563	5816
8561	5815
8559	5814
8557	5813
8548	5812
8541	5811
8535	5810
8506	5809
8503	5808
8484	5807
8481	5806
8478	5805
8460	5804
8459	5803
8451	5802
8448	5801
8444	5800
8438	5799
8424	5798
8420	5797
8400	5796
8360	5795
8358	5794
8344	5793
8328	5792
8312	5791
8305	5790
8287	5789
8283	5788
8274	5787
8268	5786
6519	6617
8265	5785
8252	5784
8238	5783
8230	5782
8229	5781
8190	5780
8187	5779
8182	5778
8162	5776
8161	5775
8154	5774
8149	5773
8143	5772
8141	5771
8115	5770
8111	5769
8098	5767
8091	5766
8089	5765
8088	5764
8082	5763
8069	5762
8041	5761
8035	5760
8027	5759
8025	5758
8012	5757
8011	5756
8001	5755
7998	5754
7993	5753
7975	5752
7968	5751
7963	5750
7962	5749
7960	5748
7952	5747
7934	5746
7933	5745
3836	8401
7923	5744
7908	5743
7863	5742
7859	5741
7831	5740
7824	5739
9300	6981
7807	5738
7799	5737
7765	5736
7764	5735
7737	5734
7723	5733
7705	5732
7675	5731
7663	5730
7662	5729
7660	5728
7657	5727
7641	5726
7638	5725
7636	5724
7603	5723
7588	5722
7583	5721
7571	5720
7550	5719
7531	5718
7513	5717
7507	5716
7500	5715
6244	6588
7478	5714
7473	5713
7472	5712
7460	5710
7459	5709
7441	5708
7426	5707
7425	5706
7424	5705
7422	5704
7421	5703
7420	5702
7413	5701
7412	5700
7391	5699
7385	5698
7384	5697
7382	5696
7369	5695
7362	5694
7360	5693
7357	5692
7352	5691
7351	5690
7330	5689
7325	5688
7310	5687
7309	5686
7268	5685
7266	5684
7244	5683
7242	5682
7240	5681
7229	5679
7225	5678
7219	5677
7197	5676
7186	5675
7185	5674
7183	5673
7181	5672
7177	5671
7172	5670
7162	5669
7145	5668
7139	5667
7127	5666
7119	5665
7116	5664
7113	5663
7106	5662
7100	5661
7094	5660
7090	5659
7089	5658
7081	5657
7079	5656
7072	5655
7071	5654
7068	5653
7065	5652
7061	5651
7055	5650
7053	5649
7046	5648
7031	5647
7004	5645
6991	5644
6988	5643
6985	5642
6969	5641
6965	5640
6962	5639
6953	5638
6922	5637
6920	5636
6915	5635
6902	5634
6898	5633
6897	5632
6883	5631
6877	5630
6870	5629
6864	5628
6850	5627
6847	5626
6821	5625
6819	5624
6814	5623
6809	5622
6804	5621
6797	5620
6788	5619
6776	5618
6775	5617
6768	5616
6765	5615
6764	5614
6763	5613
2264	9116
6751	5612
6720	5611
6709	5610
6693	5609
6692	5608
6679	5607
6671	5606
6669	5605
6666	5604
6651	5603
6639	5602
6625	5601
6616	5600
6610	5599
6578	5598
6569	5597
6568	5596
6563	5595
6552	5594
6546	5593
6544	5592
6543	5591
6534	5590
6529	5589
6506	5588
6499	5587
6480	5586
6475	5585
6464	5584
6455	5583
6448	5582
6439	5581
6424	5580
6419	5579
6410	5578
7956	6798
6403	5576
6380	5575
6379	5574
6378	5573
6372	5572
6370	5571
6345	5570
6333	5569
6332	5568
6331	5567
6305	5566
6304	5565
6286	5564
6276	5563
6264	5562
6262	5561
6258	5560
6255	5559
6241	5558
6234	5557
6233	5556
6228	5555
6224	5554
6217	5553
6194	5552
6186	5551
6162	5550
6159	5549
6156	5548
6153	5547
6152	5546
6149	5545
6144	5544
6142	5543
6140	5542
6136	5541
6097	5540
6079	5539
6077	5538
6063	5537
6062	5536
6061	5535
6056	5534
6051	5533
6046	5532
6045	5531
6042	5530
6040	5529
6036	5528
6032	5527
6028	5526
6026	5525
6025	5524
5984	5523
5974	5522
5970	5521
5969	5520
5954	5519
5942	5518
5926	5517
5912	5516
5909	5515
5900	5514
5896	5513
5893	5512
5883	5511
5860	5510
5856	5509
5847	5508
5841	5507
5833	5506
5828	5505
5827	5504
5824	5503
5816	5502
5814	5501
5810	5500
5806	5499
5802	5498
5780	5497
5768	5496
5753	5495
5751	5494
5725	5493
1569	6039
5721	5492
5714	5491
5711	5490
5702	5489
5701	5488
5695	5487
5688	5486
5662	5485
5659	5484
5657	5483
5654	5482
5653	5481
5646	5480
5645	5479
5623	5478
9528	7005
5620	5477
5610	5476
5607	5475
5600	5474
5597	5473
5590	5472
5588	5471
5578	5470
5552	5469
5550	5468
5549	5467
5515	5466
5504	5465
5494	5464
5491	5463
5486	5462
5475	5461
5470	5460
5449	5459
5445	5458
5441	5457
5424	5456
5421	5455
5396	5454
5393	5453
5384	5452
5376	5451
5370	5450
5369	5449
5360	5448
5351	5447
5349	5446
5340	5445
5321	5444
5313	5443
5309	5442
5305	5441
5300	5440
5298	5439
5297	5438
5281	5437
5272	5436
5260	5435
5245	5434
5238	5433
5221	5432
5220	5431
5217	5430
5208	5429
5207	5428
5193	5427
5187	5426
5168	5425
5164	5424
5161	5423
5159	5422
5157	5421
5145	5420
5144	5419
5138	5418
5135	5417
5121	5416
5111	5415
5089	5414
5070	5413
5065	5412
5064	5411
5060	5410
5052	5409
5034	5408
5026	5407
5023	5406
5020	5405
5018	5404
5015	5403
5014	5402
5008	5401
4998	5400
4987	5399
4978	5398
4968	5397
4964	5396
4960	5395
4934	5394
4930	5393
4923	5392
1051	7067
4903	5391
4891	5390
4887	5389
4848	5388
4839	5387
4831	5386
4817	5385
4800	5384
4783	5383
4773	5382
4753	5381
4746	5380
4742	5379
4739	5378
4735	5377
4731	5376
4708	5375
4707	5374
4693	5373
4690	5372
4688	5371
4687	5370
4683	5369
4670	5368
4661	5367
4649	5366
4637	5365
4631	5364
4623	5363
4611	5362
4603	5361
4582	5360
4579	5359
4577	5358
4564	5357
4551	5356
4545	5355
4536	5354
4531	5353
4519	5352
4517	5351
4510	5350
4495	5349
4489	5348
4485	5347
4484	5346
4477	5345
4468	5344
4466	5343
4448	5342
4424	5340
4418	5339
4394	5338
4368	5337
4364	5336
4349	5334
4342	5333
4340	5332
4331	5331
4322	5330
4317	5329
4296	5328
4284	5327
4275	5326
4274	5325
4263	5324
4256	5323
4252	5322
4247	5321
4236	5320
4226	5319
4212	5318
4196	5317
4189	5316
4184	5315
4167	5314
4166	5313
4161	5312
4157	5311
4155	5310
4150	5309
4144	5308
4140	5307
4139	5306
4138	5305
4129	5304
4105	5303
4089	5302
4088	5301
4077	5300
4075	5299
4072	5298
4068	5297
4055	5296
4054	5295
4053	5294
4051	5293
4043	5292
4041	5291
4011	5290
4009	5289
4002	5288
3998	5287
3997	5286
3982	5285
3973	5284
3971	5283
3969	5282
3961	5281
3958	5280
3947	5279
3940	5278
3935	5277
3927	5276
3924	5275
3917	5274
3914	5273
3910	5272
7198	7772
3880	5271
3877	5270
3872	5269
3867	5268
3865	5267
3862	5266
3861	5265
3841	5264
3839	5263
3810	5262
3791	5261
3782	5260
3765	5259
3727	5258
3723	5257
3718	5256
3715	5255
3714	5254
3709	5253
3701	5252
3698	5251
3693	5250
3690	5249
3688	5248
3682	5247
3677	5246
3666	5245
3662	5244
3660	5243
3654	5242
3643	5241
3631	5240
3617	5239
3616	5238
3579	5237
3577	5236
3569	5235
3565	5234
3553	5233
3535	5232
3533	5231
3521	5230
3508	5229
3493	5228
3479	5227
3467	5226
3424	5225
3400	5224
3387	5223
3377	5222
3362	5221
3341	5220
3292	5219
32896	5218
3289	5217
3278	5216
3261	5215
3230	5214
3210	5213
3203	5212
3189	5211
3184	5210
3177	5209
3176	5208
3169	5207
31580	5206
3148	5205
3143	5204
3139	5203
3137	5202
3132	5201
3128	5200
3113	5199
3106	5198
3098	5197
3091	5196
3084	5195
3083	5194
3080	5193
3072	5192
3069	5191
3063	5190
3061	5189
3059	5188
3055	5187
3051	5186
3048	5185
8642	6889
3040	5184
3028	5183
3022	5182
3019	5181
3018	5180
3013	5179
3008	5178
2994	5177
2992	5176
2987	5175
2985	5174
2974	5173
2971	5172
2955	5171
2954	5170
2936	5169
2935	5168
2925	5167
2924	5166
2914	5165
2902	5164
2881	5163
2880	5162
2863	5161
2841	5160
2829	5159
2826	5158
2825	5157
2811	5156
2810	5155
2806	5154
2793	5152
2789	5150
2785	5149
2779	5148
2774	5147
2772	5146
2771	5145
2761	5144
2755	5143
2746	5142
2744	5141
2735	5140
2724	5139
2714	5138
2713	5137
2712	5136
2699	5135
2690	5134
2685	5133
2682	5132
2658	5131
2637	5130
2623	5129
2621	5128
2620	5127
2615	5126
2609	5125
2579	5124
2577	5123
2551	5122
2550	5121
2539	5120
2532	5119
2518	5118
2510	5117
2504	5116
2494	5115
2481	5114
2477	5113
2476	5112
24753	5111
2475	5110
2474	5109
2473	5108
2467	5107
2458	5106
2456	5105
2447	5104
2436	5103
2421	5102
2412	5101
2403	5100
2396	5099
2395	5098
2347	5097
2344	5096
2343	5095
2339	5094
2309	5093
2298	5092
2287	5091
2269	5090
2260	5089
2252	5088
2244	5087
2230	5086
2229	5085
2222	5084
2215	5083
2207	5082
2202	5081
2171	5080
2163	5079
2156	5078
2139	5077
2126	5076
2113	5075
2111	5074
2101	5073
2099	5072
2091	5071
2079	5070
2065	5069
2064	5068
2047	5067
2046	5066
2044	5065
2043	5064
2024	5063
2019	5062
2010	5061
1967	5060
1957	5059
1955	5058
1952	5057
1949	5056
1907	5055
1899	5054
1895	5053
1887	5052
1885	5051
1880	5050
1856	5049
1848	5048
1831	5047
1819	5046
1816	5045
1807	5044
1801	5043
1790	5042
1786	5041
1779	5040
1765	5039
1758	5038
1751	5037
1747	5036
1727	5035
1723	5034
1715	5033
1714	5032
1709	5031
1704	5030
1703	5029
1700	5028
5602	9436
1698	5027
1693	5026
1681	5025
1679	5024
1673	5023
1672	5022
1654	5021
1643	5020
1635	5019
1631	5018
1628	5017
1615	5016
1602	5015
1589	5014
1582	5013
1576	5012
1572	5011
1566	5010
1565	5009
1560	5008
1555	5007
2873	7283
1538	5006
1535	5005
1523	5004
1521	5003
1515	5002
1509	5001
1499	5000
3236	7330
1498	4999
1497	4998
1496	4997
1495	4996
1494	4995
1492	4994
5095	9405
1481	4993
1471	4992
1468	4991
1462	4990
1440	4989
1422	4988
1413	4987
1373	4986
1363	4985
1351	4984
1346	4983
1345	4982
1344	4981
1320	4980
1314	4979
1296	4978
1289	4977
1276	4976
1269	4975
1268	4974
1258	4973
1239	4972
1229	4971
1212	4970
1211	4969
1190	4968
1179	4967
1173	4966
1170	4965
1459	6033
1166	4964
1160	4963
1157	4962
1141	4961
1137	4960
1136	4959
1134	4958
1099	4957
1091	4956
1084	4955
1070	4954
1270	7090
1067	4953
1055	4952
7557	7814
1039	4951
1022	4950
1021	4949
1011	4948
9999	4947
9990	4946
9987	4945
9977	4943
9961	4942
9935	4941
9923	4940
9915	4939
9911	4938
9907	4937
9901	4936
9894	4935
9880	4934
9865	4933
9842	4932
9839	4931
9823	4930
9822	4929
9811	4928
9810	4927
9789	4926
9787	4925
9780	4924
9771	4923
9738	4922
9731	4921
9711	4920
9707	4919
9704	4918
9684	4917
9683	4916
9678	4915
9676	4914
9667	4913
9643	4912
9603	4911
9591	4910
9589	4909
9587	4908
9585	4907
9577	4906
9575	4905
9571	4904
9560	4903
9552	4902
9546	4901
9529	4900
9520	4899
9508	4898
9502	4897
9498	4896
9495	4895
9493	4894
9461	4893
9458	4892
9448	4891
9444	4890
9440	4889
9409	4888
9400	4887
9398	4886
9397	4885
9386	4884
9381	4883
9371	4882
9355	4881
9332	4880
9330	4879
9320	4878
9311	4877
9292	4876
9288	4875
9260	4874
9220	4873
9214	4872
9196	4871
9138	4869
9133	4868
9109	4867
9090	4866
9089	4865
9087	4864
9084	4863
9078	4862
9060	4861
9059	4860
9057	4859
9056	4858
9008	4857
9000	4856
8998	4854
8994	4853
8990	4852
8985	4851
8967	4850
8949	4849
8939	4848
8937	4847
8923	4846
8903	4845
8901	4844
8887	4843
8876	4842
8873	4841
8872	4840
8867	4839
8850	4838
8818	4837
8815	4836
8808	4835
8800	4834
8767	4833
8698	4832
8682	4831
8670	4830
8666	4829
8659	4828
8652	4827
8626	4826
8614	4825
8605	4824
8598	4823
8592	4821
8571	4820
8567	4819
8558	4818
8556	4817
8547	4816
8536	4815
8533	4814
8509	4813
8500	4812
8496	4811
8480	4810
8477	4809
8475	4808
8455	4807
8439	4806
8435	4805
8433	4804
8432	4803
8406	4802
8398	4801
8379	4800
8370	4799
8366	4798
8349	4797
8348	4796
8340	4795
8338	4794
8336	4793
8324	4792
8317	4791
8300	4790
8299	4789
8298	4788
8285	4787
8284	4786
8280	4785
8278	4784
8273	4783
8272	4782
8264	4781
8251	4780
8247	4779
8242	4778
8239	4777
8224	4776
8217	4775
8213	4774
8209	4773
8199	4772
8158	4771
8148	4770
8136	4768
8130	4767
8127	4766
8113	4765
8112	4764
8109	4763
8100	4762
8095	4761
8085	4760
7020	5646
8074	4759
2528	9154
8060	4758
8043	4757
8036	4756
8023	4755
7992	4754
7922	4753
7901	4752
7882	4751
7879	4750
7878	4749
7877	4748
7872	4747
7857	4745
7848	4744
7828	4743
7823	4742
7821	4741
7801	4740
7794	4739
7731	4738
7728	4737
7726	4736
7702	4735
7700	4734
7683	4733
7670	4732
7664	4731
7658	4730
7635	4729
7633	4728
7618	4727
7615	4726
7609	4725
7608	4724
7602	4723
7599	4722
7596	4721
7590	4720
7574	4719
7569	4718
7563	4717
7558	4716
7552	4715
7546	4714
7544	4713
7536	4712
7520	4711
7504	4710
7501	4709
7491	4708
7481	4707
7453	4706
7452	4705
7444	4704
7392	4703
7379	4702
7338	4701
7328	4700
7305	4699
7297	4698
7285	4697
7258	4696
7246	4695
7245	4694
7230	4693
7224	4692
7208	4691
7190	4690
7174	4689
7158	4688
7157	4687
7156	4686
7143	4685
7133	4684
7126	4683
7117	4682
7084	4681
7064	4680
7048	4679
7044	4678
7040	4677
7030	4676
7027	4675
7015	4674
7009	4673
6998	4672
6993	4671
6986	4669
6984	4668
6980	4667
6964	4666
6963	4665
6947	4664
6937	4663
6929	4662
6914	4661
6887	4660
6882	4659
6871	4658
6868	4657
6867	4656
6863	4655
6955	9526
6854	4654
6842	4653
6824	4652
6823	4651
6799	4650
6766	4649
6750	4648
6733	4647
6724	4646
6708	4645
6701	4644
6690	4643
6686	4642
6682	4641
6678	4640
6675	4639
6661	4638
6659	4637
6656	4636
6653	4635
6650	4634
6643	4633
6635	4632
6622	4631
6618	4630
6609	4629
8146	4769
6595	4628
6591	4627
6573	4626
6538	4625
6515	4624
6514	4623
6497	4622
6490	4621
6484	4620
6479	4619
6467	4618
6458	4617
6450	4616
6445	4615
6434	4614
6432	4613
6431	4612
6429	4611
6411	4610
6409	4609
6402	4608
6398	4607
6397	4606
6377	4605
6368	4604
6365	4603
6364	4602
6346	4601
6344	4600
6313	4599
6308	4598
6307	4597
6303	4596
6294	4595
6273	4594
6252	4593
6246	4592
6245	4591
6242	4590
6237	4589
6236	4588
6218	4587
6185	4586
6179	4585
6176	4584
6174	4583
6160	4582
6105	4581
6104	4580
6091	4579
6074	4578
6072	4577
6071	4576
6031	4575
6016	4574
6015	4573
6014	4572
5980	4571
5978	4570
5968	4569
5966	4568
5957	4567
5956	4566
5946	4564
5944	4563
5923	4561
5897	4560
5894	4559
5888	4558
5886	4557
5877	4556
5876	4555
5873	4554
5866	4553
5861	4552
5853	4551
5849	4550
4807	9380
5831	4549
5808	4548
5804	4547
5794	4546
1354	9806
5782	4545
5772	4544
5771	4543
5767	4542
5766	4541
5749	4540
5733	4539
5732	4538
5724	4537
5719	4536
5717	4535
5689	4534
5687	4533
5679	4532
5667	4531
5664	4530
5626	4529
5611	4528
5591	4527
5580	4526
5565	4525
5560	4524
5559	4523
5553	4522
5532	4521
5511	4520
5507	4519
5487	4518
5471	4517
5459	4516
5446	4515
5434	4514
5428	4513
5425	4512
5415	4511
5405	4510
5392	4509
5374	4508
5357	4507
5350	4506
5346	4505
5343	4504
5341	4503
5336	4502
5324	4501
5296	4500
5271	4499
5270	4498
5248	4497
5243	4496
5235	4495
5229	4494
5227	4493
5214	4492
5202	4491
5201	4490
5197	4489
5169	4488
5158	4487
5146	4486
5139	4485
5134	4484
5128	4483
5120	4482
5116	4481
5106	4480
5099	4479
5078	4478
5076	4477
5068	4476
5063	4475
5049	4474
5047	4473
5046	4472
5043	4471
5013	4470
5006	4469
5003	4468
4994	4467
4989	4466
4986	4465
4976	4464
4941	4463
4936	4462
4917	4461
4915	4460
4909	4459
4907	4458
4873	4456
4853	4455
4849	4454
4847	4453
4844	4452
4841	4451
4830	4450
4820	4449
4811	4448
4799	4447
4797	4446
4796	4445
4775	4444
4769	4443
4768	4442
4767	4441
4761	4440
4760	4439
4759	4438
4738	4437
4696	4436
4665	4435
4664	4434
4639	4433
4634	4432
4621	4430
4589	4429
4575	4428
4553	4427
4548	4426
4538	4425
4512	4424
4511	4423
4500	4422
4499	4421
4494	4420
4491	4419
4482	4418
4457	4417
4454	4416
4438	4415
4412	4414
4410	4413
4381	4412
4380	4411
4330	4410
4328	4409
4324	4408
4319	4407
4300	4406
4298	4405
4283	4404
4282	4403
4242	4402
4205	4401
4193	4400
4192	4399
4183	4398
4182	4397
4181	4396
4175	4395
4158	4394
4116	4393
4107	4392
4080	4391
4066	4390
4050	4389
4049	4388
4042	4387
4038	4386
4035	4385
4031	4384
4021	4383
4015	4382
3993	4381
3987	4380
3986	4379
3979	4378
3978	4377
3959	4376
3957	4375
3951	4374
3944	4373
3938	4372
3901	4371
3896	4370
3895	4369
3893	4368
3885	4367
3871	4366
3850	4365
7875	7847
3846	4364
3843	4363
3181	9227
3775	4362
3774	4361
3752	4360
3731	4359
3729	4358
3696	4357
3652	4356
3647	4355
3635	4354
3633	4353
3622	4352
3609	4351
3597	4350
3588	4349
3582	4348
3538	4347
3537	4346
3531	4345
3527	4344
3524	4343
3505	4342
3500	4341
3462	4340
3459	4339
3439	4338
3417	4337
3394	4335
3389	4334
3358	4333
3339	4332
3332	4331
3323	4330
3316	4329
3311	4328
3307	4327
3299	4326
3266	4325
3246	4324
3241	4323
3234	4322
3231	4321
3229	4320
3219	4319
3200	4318
3193	4317
3191	4316
3166	4315
3146	4314
3124	4313
3123	4312
3115	4311
3108	4310
3096	4309
3094	4308
3065	4307
3054	4306
3037	4305
3026	4304
3024	4303
3021	4302
3017	4301
3006	4300
2983	4299
2968	4298
2948	4297
2940	4296
2931	4295
2899	4294
2866	4293
2864	4292
2839	4291
2815	4290
2780	4289
2777	4288
2776	4287
2769	4286
2764	4285
2763	4284
2745	4283
2737	4282
2736	4281
2723	4280
2710	4279
2693	4278
2671	4277
2669	4276
2655	4275
2643	4274
2628	4273
2624	4272
2616	4271
2610	4270
2607	4269
2601	4268
2595	4267
2594	4266
2585	4265
2560	4264
2559	4263
2553	4262
2543	4261
2526	4260
2517	4259
2511	4258
2500	4257
2499	4256
2483	4255
2482	4254
2472	4253
2460	4252
2459	4251
2454	4250
2453	4249
2442	4248
2441	4247
2426	4246
2422	4245
2419	4244
2413	4243
2401	4242
2397	4241
2377	4240
2356	4239
2324	4238
2319	4237
5210	8525
2256	4236
2246	4235
2245	4234
2232	4233
2231	4232
2218	4231
2214	4230
2213	4229
2208	4228
2197	4227
2167	4226
2165	4225
2131	4224
2121	4223
2117	4222
2112	4221
6135	9472
2107	4220
2104	4219
2103	4218
2087	4217
2080	4216
2077	4215
2075	4214
2074	4213
2073	4212
2054	4211
2050	4210
2042	4209
2039	4208
2033	4207
2029	4206
2013	4205
2012	4204
2007	4203
1999	4202
1995	4201
1983	4200
1978	4199
1960	4198
1959	4197
1937	4196
1931	4195
1930	4194
6034	8605
1926	4193
1921	4192
1908	4191
1905	4190
1900	4189
1881	4188
1874	4187
1862	4186
1857	4185
1851	4184
1840	4183
1835	4182
1823	4181
1810	4180
1800	4179
1799	4178
1791	4177
1788	4176
1780	4175
1774	4174
1769	4173
1764	4172
1761	4171
1755	4170
1752	4169
1749	4168
1710	4167
1708	4166
1695	4165
1692	4164
1645	4163
1642	4162
1624	4161
1597	4160
1588	4159
1570	4158
1562	4157
1548	4156
1534	4155
1530	4154
1519	4153
1487	4152
1486	4151
1483	4150
1478	4149
1461	4148
1453	4147
1452	4146
1449	4145
1445	4144
1406	4143
1403	4142
1377	4141
1360	4140
1356	4139
1347	4138
1342	4137
1329	4136
1316	4135
1311	4134
1309	4133
1306	4132
1287	4131
1265	4130
1259	4129
1245	4128
1240	4127
1213	4126
1209	4125
1201	4124
1187	4123
1178	4122
1164	4121
1158	4120
1144	4119
1121	4118
1101	4117
1095	4116
1093	4115
1090	4114
1089	4113
1081	4112
1076	4111
1057	4110
1052	4109
1044	4108
1043	4107
1037	4106
1016	4105
1010	4104
1004	4103
1001	4102
zealand	4101
virgin	4100
vincent	4099
verde	4098
tome	4097
territory	4096
switzerland	4095
sweden	4094
suriname	4093
sts	4092
sri	4091
spain	4090
somalia	4089
solomon	4088
slovenia	4087
slovakia	4086
singapore	4085
sierra	4084
seychelles	4083
serbia	4082
senegal	4081
saudi	4080
sao	4079
salvador	4078
rwanda	4077
russia	4076
romania	4075
rico	4074
rica	4073
reunion	4072
qatar	4071
puerto	4070
principe	4069
portugal	4068
polynesia	4067
poland	4066
pierre	4065
philippines	4064
peru	4063
passengers	4062
paraguay	4061
papua	4060
panama	4059
palestine	4058
palau	4057
pakistan	4056
oman	4055
ocean	4054
norway	4053
northern	4052
north	4051
norfolk	4050
niue	4049
nigeria	4048
3657	9284
nicaragua	4046
nevis	4045
nepal	4044
nauru	4043
namibia	4042
myanmar	4041
mozambique	4040
morocco	4039
montserrat	4038
montenegro	4037
mongolia	4036
moldova	4035
miquelon	4034
micronesia	4033
mexico	4032
mayotte	4031
mauritius	4030
mauritania	4029
martinique	4028
marshall	4027
mariana	4026
man	4025
malta	4024
maldives	4023
malaysia	4022
malawi	4021
madagascar	4020
4651	7490
macedonia	4019
macao	4018
luxembourg	4017
lucia	4016
lithuania	4015
libya	4014
liberia	4013
lesotho	4012
leone	4011
lebanon	4010
latvia	4009
laos	4008
lanka	4007
kyrgyz	4006
kuwait	4005
kong	4004
kitts	4003
kiribati	4002
kenya	4001
keeling	4000
kazakhstan	3999
jordan	3998
jersey	3997
japan	3996
italy	3995
israel	3994
isle	3993
iraq	3991
iran	3990
indonesia	3989
indian	3988
india	3987
iceland	3986
hungary	3985
hong	3984
honduras	3983
herzegovina	3982
helena	3981
haiti	3980
guiana	3979
guernsey	3978
guam	3977
grenadines	3976
greenland	3975
greece	3974
gibraltar	3973
ghana	3972
germany	3971
georgia	3970
gambia	3969
gabon	3968
france	3967
finland	3966
fiji	3965
fed	3964
faso	3963
faroe	3962
falkland	3961
ethiopia	3960
eswatini	3959
estonia	3958
eritrea	3957
equatorial	3956
egypt	3955
ecuador	3954
dominican	3953
denmark	3952
darussalam	3951
d	3950
czech	3949
cyprus	3948
cuba	3947
croatia	3946
cote	3945
costa	3944
cook	3943
congo	3942
comoros	3941
colombia	3940
cocos	3939
christmas	3938
china	3937
chile	3936
chad	3935
central	3934
canada	3933
cameroon	3932
cambodia	3931
caledonia	3930
cabo	3929
burundi	3928
burkina	3927
bulgaria	3926
brunei	3925
brazil	3924
botswana	3923
bosnia	3922
bolivia	3921
bhutan	3920
bermuda	3919
belgium	3918
belarus	3917
barbuda	3916
bangladesh	3915
bahrain	3914
bahamas	3913
azerbaijan	3912
austria	3911
australia	3910
arabia	3909
antilles	3908
antarctica	3907
american	3906
algeria	3905
albania	3904
african	3903
afghanistan	3902
9998	3901
9981	3900
9974	3899
9942	3898
9927	3897
9919	3896
9908	3895
9906	3894
9900	3893
9897	3892
9876	3891
9818	3890
9813	3889
9802	3888
9799	3887
9796	3886
9790	3885
9785	3884
9784	3883
9772	3882
9761	3881
9759	3880
9755	3879
9742	3878
9732	3877
9725	3876
9719	3875
9714	3874
9697	3873
9681	3872
9674	3871
9673	3870
9668	3869
9662	3868
9627	3867
9612	3866
9600	3865
9584	3864
9569	3863
9555	3862
9535	3861
9531	3860
9524	3859
9521	3858
9512	3857
9510	3856
9497	3855
9449	3854
9422	3853
9416	3852
9415	3851
9402	3850
9399	3849
9392	3848
9372	3847
9369	3846
9367	3845
9357	3844
9336	3843
9334	3842
9323	3841
9309	3840
9308	3839
9299	3838
9296	3837
9293	3836
9286	3835
9233	3834
9192	3833
9173	3832
9165	3831
9145	3830
9116	3829
9106	3828
9097	3827
9092	3826
9091	3825
9077	3824
9073	3823
9064	3822
9055	3821
9048	3820
1214	8099
9046	3819
9040	3818
9001	3817
8977	3816
8955	3815
8947	3814
8938	3813
8936	3812
8898	3811
8889	3810
8884	3809
8870	3808
8864	3807
8846	3806
8833	3805
8826	3804
8822	3803
8819	3802
8816	3801
8809	3800
8794	3799
8789	3798
8786	3797
8779	3796
8770	3795
8765	3794
8763	3793
8747	3792
8735	3791
8717	3790
8710	3789
8693	3788
8688	3787
8680	3786
8672	3785
8661	3784
8641	3783
8632	3782
8631	3781
8594	3780
8576	3779
8516	3778
8495	3777
8476	3776
8469	3775
8425	3774
8414	3773
5977	7641
8412	3772
8408	3771
8401	3770
8394	3769
8387	3768
8371	3767
8363	3766
8361	3765
8276	3764
8216	3763
8201	3762
8185	3761
8181	3760
8152	3759
8114	3758
8084	3757
8055	3756
8046	3755
8029	3754
8004	3753
7996	3752
7989	3751
7988	3750
7972	3749
7969	3748
7945	3747
7942	3746
7936	3745
7929	3744
7918	3743
7910	3742
7905	3741
7898	3740
7891	3739
7888	3738
7885	3737
7874	3736
7854	3735
7852	3734
7851	3733
7849	3732
7842	3731
7820	3730
7798	3729
7784	3728
7778	3727
7769	3726
7767	3725
7746	3724
7724	3723
7719	3722
7717	3721
7676	3719
7668	3718
7656	3717
7634	3716
7627	3715
7593	3714
7573	3713
7570	3712
7560	3711
7510	3710
7494	3709
7483	3708
7471	3707
7463	3706
7442	3705
7440	3704
7437	3703
7430	3702
7405	3701
7394	3700
7388	3699
7341	3698
7333	3697
7278	3696
7269	3695
7263	3694
7261	3693
7256	3692
7255	3691
7253	3690
7228	3689
7220	3688
7212	3687
7196	3686
7194	3685
7189	3684
7178	3683
7167	3682
7153	3681
7148	3680
7138	3679
7111	3678
7063	3677
7054	3676
7042	3675
3922	9304
7029	3674
7028	3673
7016	3672
7008	3671
7007	3670
7001	3669
6957	3668
6956	3667
6935	3666
6910	3665
6905	3663
6895	3662
6890	3661
6886	3660
6876	3659
6874	3658
6855	3657
6833	3656
6827	3655
6812	3654
6806	3653
6787	3652
6779	3651
6770	3650
6761	3649
6742	3648
6737	3647
6730	3646
6715	3645
6711	3644
6695	3642
6670	3641
6588	3640
6586	3639
6564	3638
6655	9509
6555	3637
6522	3636
6486	3635
6461	3634
6446	3633
6438	3632
6427	3631
6422	3630
6394	3629
6386	3628
6382	3627
6355	3626
6350	3625
6340	3624
6322	3623
6301	3622
6266	3621
6253	3620
6235	3619
6232	3618
6223	3617
6207	3616
6205	3615
6198	3614
6190	3613
6141	3612
6111	3611
6108	3610
6100	3609
6093	3608
6087	3607
6078	3606
6067	3605
6065	3604
6064	3603
5997	3602
5996	3601
5988	3600
5975	3599
5965	3598
5960	3597
5940	3596
5932	3595
5930	3594
5924	3593
8999	4855
5911	3592
5902	3591
5882	3590
5881	3589
5854	3588
5850	3587
5837	3586
5798	3585
5765	3584
5757	3583
5741	3582
5716	3581
5700	3580
5693	3579
5673	3578
5665	3577
5656	3576
5648	3575
5642	3574
5628	3573
5618	3572
5583	3571
5551	3570
5547	3569
5546	3568
5540	3567
5528	3566
5524	3565
5517	3564
5514	3563
5497	3562
5478	3561
5464	3560
5438	3559
5431	3558
5419	3557
5412	3556
5408	3555
5406	3554
5403	3553
5375	3552
5372	3551
5366	3550
5344	3549
5327	3548
5317	3547
5312	3546
5274	3545
5269	3544
5267	3543
5265	3542
5259	3541
5239	3540
5231	3539
5218	3538
5212	3537
15262	9817
5198	3536
5176	3535
5172	3534
5154	3533
5142	3532
5137	3531
5132	3530
5101	3529
5100	3528
5096	3527
5071	3526
5066	3525
5057	3524
5030	3523
5017	3522
4992	3521
4991	3520
4984	3519
4974	3518
4973	3517
4972	3516
4965	3515
4940	3514
4931	3513
4928	3512
4926	3511
4925	3510
4920	3509
4919	3508
4899	3507
4858	3506
4835	3505
4829	3504
4823	3503
4821	3502
4808	3501
4803	3500
4792	3499
4791	3498
4789	3497
4787	3496
4779	3495
4754	3494
4751	3493
4745	3492
4716	3491
4712	3490
4692	3489
4685	3488
4682	3487
4635	3486
4622	3485
4617	3484
4616	3483
4613	3482
4612	3481
4595	3480
4581	3479
4567	3478
4560	3477
4534	3476
4523	3475
4514	3474
4506	3473
4480	3472
4476	3471
4470	3470
4439	3469
4413	3468
4408	3467
4393	3466
4386	3465
4377	3464
4376	3463
4374	3462
4373	3461
4371	3460
4363	3459
4358	3458
4337	3457
4335	3456
4327	3455
4321	3454
4318	3453
4307	3452
4288	3451
4287	3450
4264	3449
4244	3448
4228	3447
4220	3446
4215	3445
4204	3444
4202	3443
4172	3442
4168	3441
4163	3440
4151	3439
4145	3438
4123	3437
4120	3436
4112	3435
4102	3434
4087	3433
4079	3432
4078	3431
4069	3430
4058	3429
1431	7106
4056	3428
4052	3427
4046	3426
4039	3425
4034	3424
4014	3423
4010	3422
4000	3421
3995	3420
3991	3419
3977	3418
3975	3417
3974	3416
3970	3415
3956	3414
3886	3413
3849	3412
3847	3411
3817	3410
3808	3409
3807	3408
3799	3407
3795	3406
3794	3405
3776	3404
3768	3403
3756	3402
3726	3401
3708	3400
3703	3399
3702	3398
3700	3397
3644	3396
3641	3395
3627	3394
3626	3393
3621	3392
3618	3391
3615	3390
3612	3389
3611	3388
3591	3387
3590	3386
3586	3385
3578	3384
3568	3383
3557	3382
3547	3381
3530	3380
3525	3379
3517	3378
3491	3377
3490	3376
3489	3375
3457	3374
3449	3373
3447	3372
3446	3371
3433	3370
3425	3369
3409	3368
3408	3367
3373	3366
3369	3365
niger	4047
3366	3364
3365	3363
3364	3362
3349	3361
3342	3360
3320	3359
3318	3358
1649	6048
3314	3357
3305	3356
3304	3355
3294	3354
3293	3353
3290	3352
3284	3351
3283	3350
3276	3349
3271	3348
3253	3347
3250	3346
3243	3345
3223	3344
4875	6435
3221	3343
3217	3342
3202	3341
3180	3340
3175	3339
3174	3338
3173	3337
3141	3336
3126	3335
3118	3334
3092	3333
3077	3331
3068	3330
3042	3329
3007	3328
2989	3327
2973	3326
2970	3325
2967	3324
2961	3323
2912	3322
2895	3321
2883	3320
2870	3319
2861	3318
2843	3317
2831	3316
2823	3315
2816	3314
2814	3313
2812	3312
2809	3311
2801	3310
2799	3309
2798	3308
2787	3307
2768	3306
2732	3305
2728	3304
2705	3303
2700	3302
2664	3301
2622	3300
2587	3299
2574	3298
2556	3297
2542	3296
2535	3295
2534	3294
2501	3293
2493	3292
9210	8935
2478	3291
2470	3290
2433	3289
2431	3288
2425	3287
2414	3286
2398	3285
2391	3284
2382	3283
2378	3282
2345	3281
2306	3280
2299	3279
2296	3278
2291	3277
2271	3276
2249	3275
2204	3273
2200	3272
2195	3271
2190	3270
2183	3269
2152	3268
2151	3267
2150	3266
2148	3265
2137	3264
2135	3263
2134	3262
2132	3261
2128	3260
2106	3259
2098	3258
2045	3257
2026	3256
2021	3255
20000	3254
2000	3253
4809	9381
1990	3252
1982	3251
1639	8138
1968	3250
1947	3249
1924	3248
1915	3247
1906	3246
1904	3245
1898	3244
1876	3243
1868	3242
1859	3241
1834	3240
1821	3239
1820	3238
1806	3237
1753	3235
1750	3234
1745	3233
7868	4746
1737	3232
1720	3231
1717	3230
1669	3229
1605	3228
1595	3227
1593	3226
1574	3225
1557	3224
1553	3223
1526	3222
1522	3221
1516	3220
1493	3219
1488	3218
1485	3217
1480	3216
1470	3215
1456	3214
1450	3213
1418	3212
1414	3211
1409	3210
1401	3209
1397	3208
1388	3207
1365	3206
1362	3205
1343	3204
1336	3203
1331	3202
1321	3201
5572	8559
1304	3200
1280	3199
1277	3198
1272	3197
1266	3196
1241	3195
1232	3194
1230	3193
1203	3192
1189	3190
1171	3189
1169	3188
1162	3187
1138	3186
1132	3185
1129	3184
1127	3183
1114	3182
1109	3181
1107	3180
1080	3179
1053	3178
1049	3177
1035	3176
1009	3175
1000	3174
,	3173
)	3172
(	3171
'Ivoire	3170
9997	3169
8595	4822
9965	3168
9957	3167
9956	3166
9943	3165
9933	3164
9895	3163
9872	3162
9849	3161
1193	3191
9845	3160
9829	3159
9230	7997
9815	3158
9798	3157
9783	3156
9773	3155
9768	3154
9740	3153
9724	3152
9688	3150
9672	3149
9669	3148
9656	3147
9655	3146
9644	3145
9625	3144
9616	3143
9609	3142
9605	3141
9595	3140
9594	3139
9588	3138
9568	3137
9567	3136
9566	3135
9563	3134
9562	3133
9549	3132
9548	3131
9534	3130
9526	3129
9513	3128
9470	3127
9468	3126
9456	3125
9452	3124
9438	3123
9428	3122
9393	3121
9389	3120
9388	3119
9385	3118
9354	3117
9326	3116
9321	3115
8040	8790
9306	3114
9301	3113
9297	3112
9246	3111
9225	3110
9134	3109
9127	3108
9124	3107
9095	3106
9071	3105
9051	3104
9045	3103
9024	3102
9004	3101
8996	3100
8983	3099
8957	3098
8954	3097
8945	3096
8897	3095
8888	3094
8166	5777
8863	3093
8842	3092
8837	3091
8831	3090
8824	3089
8785	3088
8781	3087
8776	3086
8758	3085
8739	3084
8708	3083
8704	3082
8702	3081
8673	3080
8671	3079
8628	3078
8591	3077
8581	3076
8546	3075
8510	3074
8505	3073
8471	3072
8442	3070
8434	3069
8426	3068
8421	3067
8411	3066
8402	3065
8382	3064
8369	3063
8321	3062
8316	3061
8271	3060
8241	3059
8228	3058
8227	3057
8220	3056
8178	3055
8159	3054
8147	3053
8138	3052
8134	3051
8129	3050
8093	3049
8092	3048
8045	3047
8028	3046
8026	3045
7965	3044
7961	3043
7947	3042
7940	3041
7935	3040
7926	3039
7925	3038
7924	3037
7917	3036
7912	3035
7869	3034
7840	3033
7829	3032
7819	3031
7812	3030
7787	3029
7782	3028
7774	3027
7758	3026
7729	3025
7721	3024
7691	3023
7689	3022
7688	3021
7684	3020
7669	3019
7626	3018
7623	3017
7591	3016
7527	3015
7514	3014
7493	3013
7475	3012
7474	3011
7468	3010
7461	3009
7458	3008
7434	3007
7387	3006
7386	3005
7378	3004
7373	3003
7366	3002
7359	3001
7336	3000
7332	2999
7331	2998
7329	2997
7293	2996
7292	2995
7287	2994
7282	2993
7274	2992
7254	2991
7248	2990
7235	2989
7234	2988
7215	2987
7207	2986
7187	2985
7146	2984
7140	2983
7118	2982
7101	2981
7088	2980
7077	2979
7073	2978
7066	2977
7045	2976
7041	2975
7038	2974
6958	2973
6952	2972
6946	2971
6942	2970
6924	2969
6912	2968
6896	2967
6892	2966
6861	2965
6825	2964
6760	2963
6747	2962
6735	2961
6705	2960
6704	2959
6696	2958
6627	2957
6608	2956
6606	2955
6604	2954
6603	2953
6599	2952
6582	2951
6567	2950
6562	2949
6557	2948
6554	2947
6553	2946
4361	5335
6492	2945
6488	2944
6487	2943
6483	2942
6478	2941
6476	2940
6463	2939
6441	2938
6436	2937
6433	2936
6426	2935
6425	2934
6421	2933
6342	2932
ireland	3992
6336	2931
6319	2930
6318	2929
6293	2928
6278	2927
6250	2926
6204	2925
6203	2924
6202	2923
6169	2922
6158	2921
6099	2920
6095	2919
6090	2918
6083	2917
6068	2916
6055	2915
6043	2914
6035	2913
6017	2912
6002	2911
5962	2910
5961	2909
5952	2908
5920	2907
5918	2906
5892	2905
5885	2904
5872	2903
5838	2902
5835	2901
5829	2900
5811	2898
5788	2897
5758	2896
5750	2895
5746	2894
5745	2893
5742	2892
5737	2891
5723	2890
5707	2889
5682	2888
5660	2887
5624	2886
5617	2885
5606	2884
5604	2883
5595	2882
5592	2881
5568	2880
5561	2879
5538	2878
5529	2877
5500	2876
5496	2875
5488	2874
5476	2873
5467	2872
5453	2871
5439	2870
5399	2869
5378	2868
5358	2867
5353	2866
5306	2865
5285	2864
5282	2863
5237	2862
5224	2861
5211	2860
5125	2859
5088	2858
5080	2857
5028	2856
5019	2855
4981	2854
4969	2853
4954	2852
4943	2851
4942	2850
4898	2849
4894	2848
4879	2847
4876	2846
4828	2845
4812	2844
4757	2843
4734	2842
4718	2841
4702	2840
4678	2839
4674	2838
4672	2837
4669	2836
4666	2835
4662	2834
4660	2833
4584	2832
4568	2831
4566	2830
4542	2829
4532	2828
4521	2827
4475	2826
4446	2825
4405	2824
4400	2823
4399	2822
4369	2821
2533	8231
4365	2820
4359	2819
4357	2818
4353	2817
4336	2816
4279	2815
4277	2814
4272	2813
4269	2812
4251	2811
4248	2810
4241	2809
4235	2808
4222	2807
4132	2806
4106	2805
4104	2804
4098	2803
4094	2802
4074	2801
4061	2800
4057	2799
4017	2798
4007	2797
4005	2796
3992	2795
3963	2794
3928	2793
3906	2792
3903	2791
3891	2790
3881	2789
3851	2787
3838	2786
3837	2785
3835	2784
3829	2783
3820	2782
3803	2781
3802	2780
3790	2779
3769	2778
3741	2777
3735	2776
3706	2775
3676	2774
3672	2773
3625	2772
3620	2771
3610	2770
3596	2769
3556	2768
3543	2767
3504	2766
3497	2765
3486	2764
3469	2763
3422	2762
3420	2761
3414	2760
3399	2759
3398	2758
3390	2757
3384	2756
3356	2755
3354	2754
3345	2753
3310	2752
3303	2751
3282	2750
3256	2749
3252	2748
3247	2747
3227	2746
3207	2745
3178	2744
3147	2743
3144	2742
3130	2741
3120	2740
3107	2739
3090	2738
3087	2737
3078	2736
3075	2735
3074	2734
3066	2733
3039	2732
3001	2731
2988	2730
2984	2729
2977	2728
2960	2727
2942	2726
2932	2725
9766	8051
2896	2724
2884	2723
2872	2722
2871	2721
2865	2720
2857	2719
2830	2718
2822	2717
2782	2716
2741	2715
2716	2714
2715	2713
2697	2712
2677	2711
2665	2710
2639	2709
2635	2708
2586	2707
2555	2706
2548	2705
2547	2704
2545	2703
2536	2702
2430	2701
2393	2700
2358	2699
2346	2698
2332	2697
2322	2696
2297	2695
2288	2694
2282	2693
2262	2692
2241	2691
2221	2690
2211	2689
2209	2688
2162	2687
2143	2686
2123	2685
2110	2684
2094	2683
2090	2682
2078	2681
2058	2680
2028	2679
1992	2678
1991	2677
1953	2676
1909	2675
1890	2674
1850	2673
1748	2672
1731	2671
1689	2670
1688	2669
1686	2668
1685	2667
1670	2666
1647	2665
1629	2664
1561	2663
1533	2662
1518	2661
1517	2660
1477	2659
1464	2658
1448	2657
1404	2656
6906	3664
1389	2655
1364	2654
1358	2653
1334	2652
1315	2651
1300	2650
1263	2649
1257	2648
1224	2647
12000	2646
1188	2645
1180	2644
1174	2643
1149	2642
1133	2641
4592	7482
1116	2640
1096	2639
4444	5341
1087	2638
1071	2637
1065	2636
1060	2635
1050	2634
1026	2633
1025	2632
1024	2631
1013	2630
1003	2629
9991	2628
9929	2627
9893	2626
9889	2625
9883	2624
9867	2623
9858	2622
9817	2621
9770	2620
9764	2619
9746	2618
9733	2617
9712	2616
9613	2615
9611	2614
9590	2613
9583	2612
9538	2611
9536	2610
9527	2609
9483	2608
4854	6429
9477	2607
9450	2606
9437	2605
9421	2604
9411	2603
9377	2602
9351	2601
9347	2600
9331	2599
9312	2598
9268	2596
9255	2595
9202	2594
9152	2593
9112	2592
9107	2591
9100	2590
9075	2589
9070	2588
9047	2587
9043	2586
9042	2585
9029	2584
8986	2583
8934	2582
8925	2581
8917	2580
8915	2579
8886	2578
8883	2577
8823	2576
8821	2575
8812	2574
8804	2573
8777	2572
8748	2571
8744	2570
8729	2569
8727	2568
8669	2567
8657	2566
8609	2565
8566	2564
8497	2563
8494	2562
8419	2561
8413	2560
8383	2559
8346	2558
8345	2557
8339	2556
8332	2555
8288	2554
8277	2553
8269	2552
8240	2551
8236	2550
8226	2549
8183	2548
8176	2547
8173	2546
8124	2545
8122	2544
8121	2543
8120	2542
8061	2541
8059	2540
8056	2539
8024	2538
8015	2537
7983	2536
7906	2535
7895	2534
7893	2533
7866	2532
7845	2531
7830	2530
7825	2529
7759	2528
7743	2527
7716	2526
7710	2525
7696	2524
7690	2523
7611	2522
7597	2521
7577	2520
7566	2519
7525	2518
7519	2517
7506	2516
7505	2515
7480	2514
7446	2513
7431	2512
7701	3720
7418	2511
7417	2510
7404	2509
7402	2508
7390	2507
7389	2506
7370	2505
7365	2504
7354	2503
7340	2502
7315	2501
7307	2500
7280	2499
7279	2498
7267	2497
7265	2496
7231	2495
7173	2494
7171	2493
7144	2492
7135	2491
7131	2490
7122	2489
7104	2488
7093	2487
7092	2486
7019	2485
6987	2484
6930	2483
6884	2482
6875	2481
6856	2480
6771	2479
6769	2478
6756	2477
6753	2476
6749	2475
6734	2474
6668	2473
6665	2472
6642	2471
6637	2470
6596	2469
6583	2468
6575	2467
6565	2466
6551	2465
6525	2464
6523	2463
6489	2462
6482	2461
6472	2459
6471	2458
6453	2457
6393	2456
6391	2455
6360	2454
6271	2453
6267	2452
6211	2451
6139	2450
6128	2449
6125	2448
6106	2447
6022	2446
5998	2445
5958	2444
5301	8535
5947	2443
5899	2442
5890	2441
5787	2440
5785	2439
5784	2438
5727	2437
5691	2436
5640	2435
5621	2434
5566	2433
5562	2432
5542	2431
5510	2430
5477	2429
5440	2428
5417	2427
5414	2426
5354	2425
5337	2424
5330	2423
5293	2422
5284	2421
5204	2420
5173	2419
5126	2418
5107	2417
5081	2416
50000	2415
4997	2414
4962	2413
4958	2412
4951	2411
4945	2410
4944	2409
4912	2408
4825	2407
4824	2406
4819	2405
4806	2404
4786	2403
4778	2402
4733	2401
4700	2400
4645	2399
4636	2398
4620	2397
4606	2396
4600	2395
4593	2394
4585	2393
4544	2392
4465	2391
4456	2390
4452	2389
4407	2388
4384	2387
4378	2386
4351	2385
4332	2384
4315	2383
4286	2382
4261	2381
4259	2380
4246	2379
4233	2378
4216	2377
4153	2376
4149	2375
4126	2374
4103	2373
4100	2372
4099	2371
4091	2370
4085	2369
4006	2368
3999	2367
3937	2366
3933	2365
3929	2364
3925	2363
3800	2362
3777	2360
3770	2359
3740	2358
3724	2357
3686	2356
3674	2355
3664	2354
3601	2353
3587	2352
3575	2351
3492	2349
3480	2348
3471	2347
3448	2346
3407	2345
3386	2344
3376	2343
3359	2342
3347	2341
3322	2340
3295	2339
3274	2338
3235	2337
3225	2336
3215	2335
3198	2334
1596	7131
3192	2333
3149	2332
3142	2331
3097	2330
3085	2329
3052	2328
3035	2327
3023	2326
2972	2325
2919	2324
2916	2323
2908	2322
2882	2321
2878	2320
2874	2319
2859	2318
2856	2317
2844	2316
2767	2315
2760	2314
2698	2313
2684	2312
2649	2311
2627	2310
2626	2309
2604	2308
2578	2307
2572	2306
2552	2305
2524	2304
2468	2303
2427	2302
2384	2301
2374	2300
2363	2299
2300	2298
2248	2297
2242	2296
2219	2295
2217	2294
2181	2293
2174	2292
2164	2291
2155	2290
2146	2289
2095	2288
2088	2287
2061	2286
2056	2285
2055	2284
20474	2283
2030	2282
1975	2281
1973	2280
1970	2279
1936	2278
1927	2277
1919	2276
1853	2275
1829	2274
1825	2273
1817	2272
1738	2271
1696	2270
1694	2269
1658	2268
1601	2267
1592	2266
1585	2265
1559	2264
1529	2263
1525	2262
1503	2261
1474	2260
1430	2259
1429	2258
1426	2257
7237	5680
1387	2255
1352	2254
1312	2253
1307	2252
1303	2251
1279	2250
1255	2249
1244	2248
1198	2247
1184	2246
1176	2245
1156	2244
1142	2243
1135	2242
1105	2241
1088	2240
1086	2239
1085	2238
1077	2237
9982	2236
9973	2235
9970	2234
9944	2233
9940	2232
9921	2231
9912	2230
9856	2229
9850	2228
9840	2227
9833	2226
9793	2225
9756	2224
9743	2223
9637	2222
9618	2221
9601	2220
9561	2219
9504	2218
9408	2217
9350	2216
9346	2215
9341	2214
9319	2213
9283	2212
9253	2211
9199	2210
9157	2209
9053	2208
9025	2207
3522	2350
8951	2206
8752	2205
8740	2204
8733	2203
8718	2202
8694	2201
8612	2200
8552	2199
8550	2198
8549	2197
8534	2196
8523	2195
8517	2194
8453	2193
8416	2192
8415	2191
8376	2190
8325	2189
8315	2188
8256	2187
8218	2186
8210	2185
8177	2184
8150	2183
8144	2182
8094	2181
8020	2180
8002	2179
7964	2178
7927	2177
7915	2176
7897	2175
7892	2174
7838	2173
7777	2172
7766	2171
7751	2170
7725	2169
7711	2168
7687	2167
7686	2166
7681	2165
7639	2164
7605	2163
7600	2162
7561	2161
7482	2160
7423	2159
7406	2158
7401	2157
7294	2156
7281	2155
7250	2154
7249	2153
7247	2152
7218	2151
7206	2150
7202	2149
7191	2148
7120	2147
7102	2146
7033	2145
6811	2144
6772	2143
6762	2142
6741	2141
6732	2140
6710	2139
6689	2138
6688	2137
6680	2136
6645	2135
6620	2134
6619	2133
6613	2132
6585	2131
6521	2130
6473	2128
6466	2127
6387	2126
6314	2125
6309	2124
6300	2123
6281	2122
6279	2121
6277	2120
6210	2119
6188	2118
6134	2117
3866	7401
6085	2116
6039	2115
6004	2114
5995	2113
5985	2112
5971	2111
5891	2110
5880	2109
5821	2108
5755	2107
5754	2106
5720	2105
5681	2104
3406	4336
5649	2103
5633	2102
5502	2101
5498	2100
5463	2099
5462	2098
5443	2097
5939	4562
5420	2096
5400	2095
5302	2094
5252	2093
5226	2092
5205	2091
5196	2090
5184	2089
5143	2088
5127	2087
5058	2086
5056	2085
5012	2083
5009	2082
5001	2081
4952	2080
4863	2079
4816	2078
4805	2077
4764	2076
4721	2075
4701	2074
4679	2073
4677	2072
4657	2071
4590	2070
4559	2069
4528	2068
4509	2067
4497	2066
4461	2065
4449	2064
4423	2063
4409	2062
4383	2061
4362	2060
4267	2059
4234	2058
4219	2057
4143	2056
4137	2055
4118	2054
4117	2053
4110	2052
4026	2051
3949	2050
3913	2049
3876	2048
3855	2047
3824	2046
3821	2045
3749	2044
3704	2043
3687	2042
3646	2041
3638	2040
3484	2039
3477	2038
3438	2037
3435	2036
3428	2035
3330	2034
3317	2033
3265	2032
3258	2031
3245	2030
9582	5925
3129	2029
3103	2028
3102	2027
3056	2026
2950	2025
2930	2024
2894	2023
2889	2022
2888	2021
2876	2020
2828	2019
2759	2018
2756	2017
2720	2016
2692	2015
2642	2014
8584	5819
2612	2013
2602	2012
2593	2011
2571	2010
3441	6268
2566	2009
2515	2008
2462	2007
2399	2006
2353	2005
2328	2004
2285	2003
2234	2002
2189	2001
2166	2000
2122	1999
2119	1998
2052	1997
2048	1996
2041	1995
2035	1994
2002	1993
9874	7045
1986	1992
1985	1991
1950	1990
1946	1989
1877	1988
1854	1987
1706	1986
1671	1985
1655	1984
1641	1983
1632	1982
1618	1981
1617	1980
1610	1979
1528	1978
1514	1977
1437	1976
1434	1975
1394	1974
1383	1973
1333	1972
1330	1971
1155	1969
1119	1968
1112	1967
1019	1966
9980	1965
9948	1964
9832	1963
9654	1962
9647	1961
9592	1960
9579	1959
9492	1958
9441	1957
9435	1956
9396	1955
9394	1954
9294	1953
9275	1952
9201	1951
9190	1950
9102	1949
9094	1948
9065	1947
9052	1946
9033	1945
8935	8894
9026	1944
9011	1943
8920	1942
8862	1941
8851	1940
8709	1939
8610	1938
8437	1937
8352	1936
8261	1935
8215	1934
8208	1933
8192	1932
8009	1931
7985	1930
7921	1929
7762	1928
7750	1927
7714	1926
7672	1925
7646	1924
7565	1923
7511	1922
7448	1921
7428	1920
7416	1919
7383	1918
7364	1917
7343	1916
7337	1915
7318	1914
7221	1913
7043	1912
6999	1911
6918	1910
6852	1909
1455	9814
6767	1908
6745	1907
6683	1906
6470	1905
6468	1904
6406	1903
6371	1902
6343	1901
6283	1900
6196	1899
6195	1898
6123	1897
6088	1896
6086	1895
6066	1894
5964	1893
5943	1892
5915	1891
5848	1890
5789	1889
5584	1888
5530	1887
5416	1886
5362	1885
5339	1884
5334	1883
5286	1882
5162	1881
5086	1880
5084	1879
5061	1878
5042	1877
4906	1876
4810	1875
4788	1874
4647	1873
4587	1872
4583	1871
4472	1870
4397	1869
4329	1868
4320	1867
4250	1866
4165	1865
3833	1864
3750	1863
3699	1862
3528	1861
3498	1860
3456	1859
3401	1858
3357	1857
3300	1856
3133	1855
4341	6373
3033	1854
3032	1853
2926	1852
2920	1851
2898	1850
2851	1849
2807	1848
2711	1847
2674	1846
2563	1845
2450	1844
2336	1843
2293	1842
2220	1841
2089	1840
1956	1839
1938	1838
1932	1837
1929	1836
7567	6747
1871	1835
1870	1834
1841	1833
1792	1832
1789	1831
1699	1829
1646	1828
1546	1827
1541	1826
1510	1825
1443	1824
1416	1823
1411	1822
1381	1821
1374	1820
1332	1819
1271	1818
1253	1817
1092	1816
ч	1815
км	1814
имеющиеся	1813
всё	1812
быстрее	1811
9913	1810
9886	1809
9864	1808
9658	1807
8847	8881
9610	1806
9537	1805
9469	1804
9406	1803
8107	5768
9185	1802
3088	3332
9131	1801
8586	1800
8585	1799
8573	1798
8457	1797
8430	1796
8423	1795
8304	1794
8279	1793
8257	1792
8243	1791
8233	1790
8207	1789
7950	1788
7786	1787
7617	1786
7467	1785
7262	1784
7195	1783
7160	1782
7121	1781
7076	1780
7012	1779
6943	1778
6911	1777
6807	1776
6754	1775
6456	1774
6415	1773
6369	1772
6299	1771
6191	1770
6057	1769
5933	1768
5931	1767
5889	1766
5805	1765
5635	1764
5352	1763
5322	1762
5234	1761
5222	1760
5192	1759
4985	1758
4953	1757
4946	1756
4938	1755
4740	1754
4720	1753
4626	1752
4354	1751
4280	1750
4199	1749
1756	3236
3990	1748
3930	1747
3844	1746
3785	1745
3563	1744
3534	1743
3312	1742
3011	1741
2836	1739
2702	1738
2592	1737
2466	1736
2416	1735
2390	1734
2368	1733
2273	1732
2092	1731
2038	1730
1662	1729
1578	1728
1473	1727
1428	1726
1339	1725
1143	1723
1108	1722
9751	1721
9023	1720
8856	1719
8813	1718
8796	1717
8757	1716
8487	1715
8320	1714
7948	1713
7470	1712
6990	1711
6794	1710
6719	1709
6718	1708
6672	1707
6164	1706
6053	1705
5820	1704
5658	1703
5585	1702
5555	1701
5430	1700
5398	1699
5279	1698
5200	1697
4726	1696
4609	1695
3822	1694
3798	1693
3473	1692
3382	1691
3046	1690
2752	1689
2679	1688
2651	1687
2645	1686
2464	1685
2357	1684
1869	1683
1828	1682
1626	1681
1598	1680
1469	1679
1399	1678
1191	1677
1130	1676
1111	1675
9670	1674
9657	1673
9565	1672
9383	1671
8745	1670
8128	1669
8117	1668
7790	1667
7752	1666
7528	1665
7477	1664
7123	1663
5622	1662
5469	1661
5113	1660
4892	1659
4840	1658
4125	1657
3331	1656
3025	1655
2068	1654
2003	1653
1233	1652
9685	1651
9558	1650
9245	1649
8814	1648
7339	1647
7314	1646
7151	1645
6230	1644
4403	1643
4268	1642
2617	1641
km	1640
h	1639
faster	1638
every	1637
by	1636
8389	1635
7835	1634
4309	1633
3984	1632
3385	1631
1705	1630
9826	1629
7454	1628
3651	1627
2066	1626
1207	1625
8062	1624
ценой	1623
дальностью	1622
3000	1621
time	1620
4900	4457
scheduled	1619
jamaica	1618
guyana	1617
guatemala	1616
guadeloupe	1615
grenada	1614
dominica	1613
djibouti	1612
cayman	1611
bissau	1610
barbados	1609
aruba	1608
arrived	1607
anguilla	1606
7000	1605
выше	1604
range	1603
price	1602
thakor	1601
thakare	1600
tara	1599
tanti	1598
tambe	1597
talukdar	1596
taka	1595
6736	6650
tadavi	1594
swain	1593
suthar	1592
sutar	1591
suryavanshi	1590
srivastava	1589
soren	1588
sonvane	1587
sontakke	1586
sonowal	1585
sonkar	1584
soni	1583
solanki	1582
solank	1581
sodha	1580
sinha	1579
sinh	1578
sil	1577
siitonen	1576
shyam	1575
shukla	1574
shrivastav	1573
shinde	1572
shelke	1571
shek	1570
shaw	1569
sharma	1568
shankar	1567
shamar	1566
shabar	1565
sethi	1564
senapati	1563
sen	1562
sekh	1561
sawant	1560
saw	1559
sathe	1558
saroj	1557
sarkar	1556
sardar	1555
santra	1554
sangma	1553
samanta	1552
samant	1551
salve	1550
salunkhe	1549
saksena	1548
sai	1547
sahu	1546
sahoo	1545
sahni	1544
sahani	1543
saha	1542
sah	1541
sada	1540
roy	1539
rout	1538
rishi	1537
reddy	1536
reang	1535
ray	1534
ravidas	1533
ravi	1532
ravat	1531
raut	1530
ranjan	1529
rani	1528
rana	1527
ramani	1526
raju	1525
rajbhar	1524
rajbanshi	1523
raja	1522
raj	1521
rai	1520
rabha	1519
rabari	1518
9108	5873
rabar	1517
pravin	1516
praveen	1515
prasad	1514
7469	5711
pramanik	1513
prakash	1512
pradhana	1511
pradhan	1510
poddar	1509
pitkänen	1508
pegu	1507
pawar	1506
pavar	1505
paul	1504
patra	1503
patil	1502
pati	1501
pathak	1500
patar	1499
patal	1498
paswan	1497
pasavan	1496
parkash	1495
parida	1494
pardeshi	1493
paravin	1492
paramar	1491
panigrahi	1490
pandit	1489
pandeya	1488
pandey	1487
pande	1486
panday	1485
panda	1484
panchal	1483
pal	1482
paik	1481
padhi	1480
oraon	1479
oram	1478
orain	1477
ojha	1476
nishad	1475
nisha	1474
nikam	1473
nesha	1472
negi	1471
nayka	1470
nayak	1469
nath	1468
1002	8082
naskar	1467
narzary	1466
narayan	1465
nandi	1464
nanda	1463
nand	1462
nakka	1461
nair	1460
naik	1459
nahak	1458
nagar	1457
nag	1456
nadaf	1455
murmu	1454
murmmu	1453
munda	1452
mukhi	1451
mukherjee	1450
muduli	1449
mondal	1448
mohite	1447
mohanty	1446
mohanta	1445
mohan	1444
modi	1443
modak	1442
mochi	1441
mistri	1440
mishra	1439
meshram	1438
mehta	1437
meher	1436
9302	9715
mazumder	1435
maurya	1434
mati	1433
mathew	1432
mardi	1431
marandi	1430
marak	1429
mar	1428
manna	1427
manjhi	1426
mani	1425
mane	1424
mandi	1423
mandal	1422
mallik	1421
mallick	1420
malek	1419
malakar	1418
mal	1417
majumdar	1416
maji	1415
majhi	1414
maity	1413
maiti	1412
maiiti	1411
8625	7929
mahtre	1410
1256	1970
mahto	1409
mahato	1408
mahata	1407
maharana	1406
mahapatra	1405
mahanta	1404
mahali	1403
mahale	1402
mahakud	1401
mahajan	1400
madavi	1399
lone	1398
lokhande	1397
lohar	1396
lenka	1395
lata	1394
laskar	1393
lakshmi	1392
lakra	1391
kuvar	1390
kutty	1389
kushwaha	1388
kurmi	1387
kuresi	1386
kunwar	1385
kunvar	1384
kundu	1383
kumbhar	1382
kumari	1381
kulkarni	1380
kulakarni	1379
kujur	1378
kui	1377
kshirsagar	1376
kshetrapal	1375
krishna	1374
krishan	1373
kour	1372
koskinen	1371
konda	1370
koli	1369
koley	1368
kol	1367
koivuniemi	1366
kisku	1365
kishor	1364
kharat	1363
khade	1362
kaur	1361
katar	1360
kashyap	1359
karri	1358
karmakar	1357
kar	1356
kapoor	1355
kanwar	1354
kanvar	1353
kant	1352
kami	1351
kamble	1350
kambale	1349
kalita	1348
kali	1347
kale	1346
kala	1345
kakde	1344
kadam	1343
josi	1342
joshi	1341
jhala	1340
jha	1339
jena	1338
jani	1337
jana	1336
jaiswal	1335
jain	1334
jaha	1333
jadhav	1332
jadej	1331
jadav	1330
ingle	1329
husen	1328
honsa	1327
hirvonen	1326
hiremath	1325
hembrom	1324
hembram	1323
hemaram	1322
heikkinen	1321
hazra	1320
hazarika	1319
harju	1318
harijan	1317
hansda	1316
hansada	1315
halder	1314
haldar	1313
halapit	1312
hajong	1311
gurung	1310
gurram	1309
gurav	1308
gupta	1307
goud	1306
goswami	1305
gore	1304
gorai	1303
gope	1302
gopal	1301
golla	1300
goihal	1299
gogoi	1298
giri	1297
ghule	1296
ghosh	1295
ghorai	1294
gayen	1293
gayakwad	1292
gawde	1291
gavli	1290
5813	2899
gavit	1289
gautam	1287
8118	6824
gaud	1286
garg	1285
garai	1284
gangurde	1283
ganguly	1282
gandhi	1281
gamit	1280
gamar	1279
gain	1278
gadekar	1277
gade	1276
ekka	1275
dutta	1274
dulari	1273
dubey	1272
dube	1271
dongre	1270
doley	1269
dolai	1268
dixit	1267
dikshit	1266
dhar	1265
dhal	1264
dey	1263
devre	1262
devkar	1261
devi	1260
deshmukh	1259
desai	1258
deka	1257
dei	1256
dehuri	1255
debnath	1254
debi	1253
debbarma	1252
deb	1251
dayal	1250
datta	1249
1760	1830
datt	1248
dass	1247
dash	1246
dasari	1245
dangar	1244
damor	1243
dalui	1242
dalei	1241
dalal	1240
dalai	1239
daimary	1238
daimari	1237
chutia	1236
chhetri	1235
chetry	1234
chetia	1233
chavhan	1232
chaupal	1231
chaughari	1230
chaudhri	1229
chaudhary	1228
chaudhari	1227
chatterjee	1226
charan	1225
chandra	1224
chanda	1223
chand	1222
chakraborty	1221
chakma	1220
chakali	1219
cauhan	1218
4629	4431
caudhari	1217
caudhar	1216
brahme	1215
bose	1214
boro	1213
borkar	1212
bordoloi	1211
borah	1210
bora	1209
boddu	1208
biswal	1207
bisht	1206
biradar	1205
bihari	1204
2438	6156
bhuyan	1203
bhutia	1202
bhushan	1201
bhukya	1200
bhuiyan	1199
bhuiya	1198
bhoyar	1197
bhowmik	1196
bhowmick	1195
bhosle	1194
bhosale	1193
bhoir	1192
bhoi	1191
bhila	1190
bhattacharya	1189
bhattacharjee	1188
bhatt	1187
bhatra	1186
bhatia	1185
bhati	1184
bhatara	1183
bhat	1182
bharti	1181
bhardwaj	1180
bharavad	1179
bharati	1178
bhanu	1177
bhangi	1176
bhandari	1175
bhan	1174
bhalerao	1173
bhakta	1172
bhagat	1171
bhabhor	1170
8467	3071
bha	1169
bewa	1168
besra	1167
bera	1166
behera	1165
bauri	1164
bathula	1163
basumatary	1162
basu	1161
baske	1160
basha	1159
basak	1158
barui	1157
baruah	1156
barot	1155
barman	1154
barla	1153
barik	1152
bariha	1151
baria	1150
barbhuiya	1149
baray	1148
baral	1147
baraiy	1146
barad	1145
bansal	1144
banik	1143
banerjee	1142
bandi	1141
bambhaniy	1140
bala	1139
bajaj	1138
baishya	1137
baidya	1136
bai	1135
bahadur	1134
bagvan	1133
bagum	1132
bagul	1131
bagdi	1130
bag	1129
badiger	1128
babu	1127
babar	1126
avasthi	1125
arya	1124
arora	1123
arif	1122
areddy	1121
anand	1120
amma	1119
aira	1118
ahuja	1117
ahire	1116
aher	1115
agrawal	1114
aggarwal	1113
agarwal	1112
adhikari	1111
ade	1110
acharya	1109
aakula	1108
departed	1107
delayed	1106
cancelled	1105
sudan	1104
samoa	1103
netherlands	1102
korea	1101
french	1100
british	1099
above	1098
мест	1097
5000	1096
more	1095
0057v9	1094
0057ll	1093
00576x	1092
00576j	1091
00573i	1090
0056s8	1089
0056jm	1088
4527	6393
gavande	1288
0056if	1087
005616	1086
0055j0	1085
0053ge	1084
0053fy	1083
0053be	1082
0052ys	1081
0051io	1080
0050y5	1079
0050jx	1078
3209	9231
0050ah	1077
004zng	1076
004yd0	1075
004y0a	1074
004w4p	1073
004w3u	1072
004slq	1071
004rnf	1070
004re8	1069
004qgx	1068
004q2l	1067
004olv	1066
004o5t	1065
004nvq	1064
004njw	1063
004n3z	1062
004ms8	1061
004m7m	1060
004lis	1059
004lgt	1058
004kvc	1057
004ktv	1056
004k3p	1055
004icn	1054
004ibm	1053
004i6t	1052
004hve	1051
004how	1050
004hfm	1049
004fwb	1048
004f92	1047
004f4v	1046
004e4q	1045
004des	1044
004czs	1043
004cog	1042
0049jx	1040
0048lf	1039
0048l5	1038
0047mp	1037
00468x	1036
0044gt	1035
00449l	1034
2800	5153
0043rv	1033
00435w	1032
004337	1031
0042l0	1030
0042c3	1029
00411b	1028
00408y	1027
003yup	1026
003yfl	1025
003ydk	1024
003y8q	1023
003xnd	1022
003x8u	1021
003wtr	1020
003vez	1019
003rvf	1018
003rqh	1017
003rg1	1016
003qzx	1015
003qyv	1014
003qu3	1013
003p4u	1012
003mlf	1011
003mdb	1010
003ky3	1009
003kj8	1008
003j88	1007
003ijv	1006
003igo	1005
003icy	1004
003hik	1003
003gus	1002
003gly	1001
003f81	1000
003f1g	999
003ewm	998
003eg0	997
003ebp	996
003dpa	995
003cq3	994
003bml	993
0039xn	992
0039jp	991
1221	9796
0039d0	990
00394y	989
0037et	988
0036wa	987
003692	986
0035kr	985
00356l	984
003495	983
0033u7	982
0033hj	981
0033b7	980
00333z	979
00323b	978
0031qe	977
0031h8	976
002zq8	975
002zdz	974
002xy4	973
002wup	972
002we1	971
002ub0	970
002u7w	969
002u2x	968
002u0b	967
002t3a	966
002sgm	965
3797	2361
002s04	964
002rbc	963
002qum	962
002qrp	961
002q9p	960
002q98	959
002psu	958
9979	4944
002ov7	957
002mye	956
002msx	955
002m6p	954
002lj0	953
002k85	952
002j61	951
002j2f	950
002iwy	949
002irt	948
9144	7984
002i8c	947
002h9p	946
002h9f	945
002h0o	944
002gzm	943
002gs5	942
002gfh	941
002fx3	940
002fkd	939
002exr	938
002etb	937
002ei0	936
7125	9540
002dr1	935
002diy	934
002dci	933
002cxt	932
002c1c	931
002a2m	930
002a19	929
0029ot	928
0029dc	927
0028ah	926
0026s7	925
0026c2	924
002671	923
0025bz	922
0024x0	921
0024fj	920
002398	919
0022s1	918
00223x	917
0021go	916
0021an	915
002160	914
0020xt	913
0020or	912
001zid	911
001yrs	910
4258	6366
001yom	909
001xry	908
001xkv	907
001xkb	906
001wvt	905
001ux6	904
001tjw	903
001td2	902
001tck	901
001t80	900
001swq	899
001sll	898
001sb2	897
001rd5	896
001qr2	895
001qqd	894
001qib	893
001p5y	892
001o5p	891
001nsq	890
001ndy	889
001n1z	888
001lve	887
001lqq	886
001jto	885
001jam	884
001j3d	883
001il9	882
001i8h	881
001hoa	880
001gbx	879
001ffi	878
001d6v	877
001asv	876
0019za	875
0019ku	874
0019ds	873
0018yc	872
0018f4	871
0017z3	870
0017tj	869
00172l	868
00170i	867
001677	866
6498	2129
00163z	865
0015r2	864
00147k	863
0012yp	862
0012ji	861
0012fb	860
001214	859
0011za	858
00117m	857
000zxb	856
000xrb	855
000xef	854
000wtq	853
000wgm	852
000w6i	851
000w3c	850
000vvs	849
000via	848
000uxb	847
000u3y	846
000rdy	845
000q5e	844
000ph2	843
000p0o	842
000o35	841
000nk0	840
000mzg	839
4070	6336
000mge	838
000mc9	837
000l45	836
000krd	835
000k93	834
000k1l	833
000k0z	832
000jgt	831
000j03	830
000i6p	829
000gtm	828
000gge	827
1421	2256
000g0b	826
000fud	825
000fhr	824
000ett	823
000e8l	822
000dp2	821
000dc1	820
000d4x	819
000ctl	818
000cmr	817
000ab9	816
000aar	815
0009rq	814
00090x	813
000898	812
00083m	811
0007kc	810
00073i	809
0006ei	808
00062g	807
0005n3	806
000562	805
0004o1	804
0004fh	803
00040w	802
0002x7	801
0002hk	800
00027p	799
0001yl	798
0001fx	797
0000eg	796
00008a	795
10000	794
все	793
e70	792
cr7	791
7m7	790
77w	789
76f	788
35x	787
32n	786
789	785
туда	784
расписания	783
обратных	782
моделями	781
записей	780
all	779
351	778
339	777
atoifi	776
aral	775
alamosa	774
floresta	773
båtsfjord	772
bartow	771
asunción	770
2933	1740
annapolis	769
agadez	768
springs	767
ranch	766
national	765
musa	764
mile	763
horizonte	762
harbour	761
falls	760
colorado	759
bequia	758
belém	757
bedwell	756
beaumont	755
beach	754
bauru	753
battambang	752
batna	751
batman	750
bata	749
barrie	748
barisal	747
barahona	746
bam	745
baltimore	744
balmaceda	743
balikesir	742
bakalalan	741
bairnsdale	740
baimuru	739
baha	738
axum	737
austin	736
augusta	735
1290	1724
augsburg	734
auckland	733
atlantic	732
atar	731
asturias	730
5698	8573
asosa	729
ascension	728
asahikawa	727
arvaikheer	726
armstrong	725
ardabil	724
araraquara	723
arak	722
aracaju	721
apatity	720
1866	6078
aomori	719
antsohihy	718
antsiranana	717
ankang	716
angleton	715
andenes	714
anadyr	713
anaa	712
amman	711
amboseli	710
ambon	709
alotau	708
almeirim	707
almaty	706
alliance	705
alldays	704
allahabad	703
alexander	702
aleknagik	701
aldan	700
albina	699
akureyri	698
airlie	697
ahwaz	696
aggeneys	695
afyon	694
addis	693
acandi	692
abbeville	691
abakan	690
ababa	689
талонов	688
посадочных	687
Ålesund	686
Ängelholm	685
wajh	684
village	683
ula	682
tsiribihina	681
timan	680
terre	679
sur	678
solano	677
slimane	676
simbel	675
setar	674
seri	673
senguer	672
rügen	671
río	670
rouge	669
river	668
qaisumah	667
pass	666
paa	665
minch	664
mellal	663
mare	662
mahshahr	661
luka	660
licin	659
lengeh	658
lampung	657
kharj	656
jawf	655
houayxay	654
hoceima	653
harbor	652
ghaydah	651
garças	650
fallujah	649
do	648
dhabi	647
coruña	646
coola	645
comeau	644
bălți	643
béchar	642
blanca	641
bermejo	640
berlin	639
berlevåg	638
bergerac	637
5294	8534
berezovo	636
berens	635
berbérati	634
berbera	633
benson	632
beni	631
benguela	630
bengkulu	629
benghazi	628
bendigo	627
benbecula	626
ben	625
bemidji	624
bembridge	623
beloyarsky	622
bellingham	621
belleville	620
bellary	619
bella	618
belgrade	617
belgorod	616
belgaum	615
belfort	614
belfast	613
belaga	612
bekily	611
bejaja	610
beja	609
beirut	608
beira	607
beijing	606
beihan	605
beihai	604
beica	603
begawan	602
beersheba	601
bedourie	600
bedford	599
beckley	598
beauvais	597
beaufort	596
bearskin	595
bayreuth	594
bayannur	593
bayankhongor	592
bayamo	591
baudette	590
baucau	589
batuna	588
batumi	587
batu	586
batticaloa	585
baton	584
batam	583
batagay	582
bastia	581
basseterre	580
basse	579
basra	578
basankusu	577
bartica	576
barth	575
barter	574
barreiras	573
barranquilla	572
barrancabermeja	571
barquisimeto	570
barnaul	569
bario	568
barinas	567
bareilly	566
bardufoss	565
barcelos	564
barcelona	563
barcaldine	562
baracoa	561
bar	560
baotou	559
baoshan	558
bantry	557
bannu	556
banmaw	555
banjarmasin	554
banja	553
bangor	552
bangkok	551
bangalore	550
bandung	549
bandundu	548
bandirma	547
banda	546
ban	545
bamyan	544
bamenda	543
bamaga	542
balıkesir	541
baltra	540
ballina	539
ballera	538
ballalae	537
balkhash	536
balimo	535
balikpapan	534
baler	533
balakovo	532
baku	531
bakr	530
bakersfield	529
baker	528
bakel	527
bajura	526
bajhang	525
baishan	524
baise	523
bainbridge	522
baikonur	521
baie	520
baia	519
bahawalpur	518
bahar	517
bagé	516
baguio	515
bagotville	514
baghdad	513
bagan	512
bafoussam	511
badu	510
badin	509
badajoz	508
bacolod	507
babo	505
babelthuap	504
ağrı	503
ayolas	502
ayacucho	501
avon	500
avignon	499
aviano	498
avarua	497
avalon	496
auxerre	495
aurukun	494
aurillac	493
aurangabad	492
aupaluk	491
auki	490
auf	489
auburn	488
aubenas	487
atuona	485
attawapiskat	484
1630	9822
atsugi	483
atrouss	482
atqasuk	481
atlanta	480
atka	479
atiu	478
2227	3274
atikokan	477
athens	476
atbara	475
ataq	474
asyut	473
aswan	472
astypalaia	471
astrakhan	470
astoria	469
astana	468
assab	467
aspen	466
asmara	465
ashgabad	464
asheville	463
asaloyeh	462
asad	461
asaba	460
arvidsjaur	459
arviat	458
arutua	457
arusha	456
arua	455
arthur	454
arrecife	453
arorae	452
arona	451
armidale	450
arkhangelsk	449
arkalyk	448
arica	447
argyle	446
arequipa	445
arecibo	444
ardmore	443
arcata	442
arbor	441
arba	440
araxa	439
arauca	438
araracuara	437
arar	436
araguaína	435
1849	9841
arad	434
aracatuba	433
aqaba	432
appleton	431
apia	430
apataki	429
3121	7316
apartadó	428
apalachicola	427
aosta	426
anvik	425
anuradhapura	424
antwerp	423
antsirabe	422
antsalova	421
antofagasta	420
antananarivo	419
antalya	418
bacau	506
antalaha	417
anta	416
anshun	415
anshan	414
anqing	413
anniston	412
annette	411
annemasse	410
annecy	409
annai	408
annaba	407
ankavandra	406
ankara	405
anjouan	404
aniwa	403
aniak	402
angoulême	401
angoon	400
angling	399
angers	398
angelsey	397
angeles	396
aneityum	395
andros	394
andravida	393
andoas	392
andizhan	391
anderson	390
andapa	389
andahuaylas	388
ancona	387
anapa	386
anambas	385
analalava	384
anaktuvuk	383
anahim	382
anaco	381
amsterdam	380
amritsar	379
ampara	378
amderma	377
ambler	376
ambilobe	375
ambatondrazaka	374
ambato	373
5647	9440
ambanja	372
5955	4565
amarillo	371
amami	370
amakusa	369
am	368
alverca	367
alula	366
altus	365
altoona	364
alto	363
6703	3643
altenrhein	362
altenburg	361
altay	360
altamira	359
altai	358
alpena	357
along	356
alofi	355
almería	354
alma	353
alluitsup	352
allentown	351
allakaket	350
alicante	349
atyrau	486
alghero	348
alexandroupolis	347
2082	6107
alexandria	346
alexandra	345
alert	344
aleppo	343
alderney	342
albury	341
albuquerque	340
albi	339
albert	338
albenga	337
albany	336
albacete	335
alamogordo	334
alameda	333
alakanuk	332
akutan	331
akure	330
akulivik	329
aktyubinsk	328
aktau	327
aksu	326
akrotiri	325
akron	324
akola	323
aklavik	322
akita	321
akiak	320
akhiok	319
ajaccio	318
aizawl	317
aitutaki	316
aioun	315
ain	314
aiken	313
ahuas	312
ahsa	311
ahmedabad	310
ahe	309
aguni	308
aguascalientes	307
aguadilla	306
agrinio	305
agra	304
aghajari	303
agen	302
3858	2788
agatti	301
agartala	300
agadir	299
afutara	298
adıyaman	297
adrar	296
aden	295
adelaide	294
adana	293
6146	8616
ada	292
aceh	291
acarigua	290
acapulco	289
abuja	288
abraq	287
ablow	286
abilene	285
abha	284
aberdeen	283
abemama	282
abeche	281
abbotsford	280
abbas	279
abaiang	278
abadan	277
aasiaat	276
aarhus	275
aalborg	274
aachen	273
a	272
's Town	271
mali	270
самолётов	269
самолёта	268
9154	4870
самолёт	267
маршрутов	266
south	265
outbound	264
new	263
models	262
ticket	261
108	260
banjul	259
abidjan	258
6390	8638
bangui	257
bamako	256
anchorage	255
algiers	254
accra	253
самолёты	252
бронирований	251
the	250
el	249
benin	248
armenia	247
angola	246
guinea	245
belize	244
antigua	243
airplanes	242
dar	241
bari	240
st	239
republic	238
entries	237
adak	236
argentina	235
статусом	234
со	233
места	232
2681	9171
самолёте	231
town	230
bay	229
alta	228
park	227
belo	226
beaver	225
arctic	224
9708	3151
bergen	223
bathurst	222
barrow	221
bahía	220
atoll	219
ann	218
alor	217
status	216
рейсов	215
economy	214
comfort	213
business	212
.	211
seats	210
alice	209
25	208
barra	207
abu	206
50	205
15	204
3902	7409
100	203
1	202
3	201
20	200
10	199
5	198
класса	197
class	196
сегментов	195
lake	194
islands	193
aada	192
bandar	191
airplane	190
-	189
сколько	188
посчитай	187
подсчитай	186
какое	185
many	184
how	183
count	182
вылетов	181
аэропорта	180
3570	8361
расписание	179
departures	178
departing	177
island	176
часовом	175
поясе	174
timetable	173
america	172
africa	171
timezone	170
number	169
количество	168
al	167
аэропортов	166
of	165
маршруты	164
бронировании	163
routes	162
место	161
на	160
билетов	159
7284	6713
seat	158
/	157
ber	156
ccu	155
mxp	154
vie	153
scl	152
wuh	151
svo	150
goi	149
prg	148
mco	147
kja	146
clt	145
cts	144
yul	143
xiy	142
pnq	141
tfu	140
lgw	139
las	138
bom	137
vko	136
lko	135
hgh	134
kzn	133
bgy	132
hyd	131
fuk	130
atl	129
pek	128
ktm	127
den	126
cjc	125
fra	124
yow	123
ovb	122
6989	4670
akl	121
led	120
ufa	119
hnd	118
dfw	117
yeg	116
cdg	115
sha	114
nce	113
jfk	112
dme	111
ord	110
oka	109
kmg	108
cok	107
pvg	106
lax	105
blr	104
ctu	103
lhr	102
szx	101
amd	100
hel	99
can	98
yyz	97
yvr	96
muc	95
pkx	94
ory	93
maa	92
svx	91
arn	90
fco	89
aer	88
маршруту	87
yyc	86
ckg	85
и	84
mia	83
del	82
по	81
info	80
on	79
рейсы	78
9274	2597
flights	77
у	76
2790	5151
которых	75
0049kj	1041
которые	74
имеют	73
где	72
сегменты	71
для	70
having	69
whose	68
5016	2084
that	67
have	66
where	65
passenger	64
бронирование	63
segments	62
in	61
пассажира	60
билеты	59
booking	58
tickets	57
6474	2460
город	56
аэропорты	55
city	54
aanya	53
airports	52
=	51
маршрут	50
из	49
to	48
в	47
from	46
route	45
show	44
get	43
print	42
return	41
list	40
find	39
me	38
give	37
display	36
fetch	35
меньше	34
отобрази	33
пожалуйста	32
выведи	31
получи	30
дай	29
найди	28
верни	27
less	26
рейса	25
flight	24
талоны	23
посадочные	22
passes	21
boarding	20
больше	19
покажи	18
до	17
от	16
greater	15
between	14
for	13
and	12
than	11
total	10
суммой	9
6407	5577
бронирования	8
с	7
amount	6
bookings	5
with	4
<UNK>	3
<EOS>	2
<SOS>	1
<PAD>	0
