10000
5643	9999
5608	9998
5599	9997
5575	9996
5557	9995
5526	9994
5512	9993
5506	9992
5501	9991
5460	9989
5457	9988
5454	9987
5448	9986
5432	9985
5427	9984
5426	9983
5373	9982
5347	9981
5335	9980
5323	9979
5311	9978
5287	9977
5278	9976
5277	9975
5275	9974
5258	9973
5240	9972
5216	9971
5213	9970
5188	9969
5186	9968
5178	9967
5167	9966
5153	9965
5149	9964
5133	9963
5117	9962
5105	9961
5098	9960
5093	9959
5083	9958
5082	9957
5025	9956
5011	9955
5010	9954
4995	9953
4982	9952
4975	9951
4971	9950
4963	9949
4924	9948
4922	9947
4897	9946
4895	9945
4888	9944
4851	9943
4838	9942
4836	9941
4832	9940
4818	9939
4752	9938
4737	9937
4727	9936
4723	9935
4722	9934
4706	9933
4699	9932
4689	9931
4673	9930
4668	9929
4644	9928
4619	9927
4591	9926
4588	9925
4546	9924
4537	9923
4493	9922
4490	9921
4471	9920
4458	9919
4450	9918
4440	9917
4436	9916
4432	9915
4428	9914
4416	9913
4401	9912
4387	9911
4348	9910
4344	9909
4326	9908
4313	9907
4299	9906
4295	9905
4281	9904
4253	9903
4164	9902
4142	9901
4060	9900
3981	9898
3972	9897
3955	9896
3921	9895
3920	9894
3919	9893
3918	9892
3916	9891
3915	9890
3884	9889
3830	9888
3788	9887
3760	9886
3757	9885
3753	9884
3733	9883
36976	9882
36950	9881
3680	9880
36771	9879
3671	9878
3669	9877
3653	9875
3650	9874
3648	9873
3637	9872
3636	9871
36140	9870
3607	9869
36027	9868
35814	9867
35621	9866
3560	9865
35450	9864
35418	9863
35213	9862
3516	9861
35014	9860
3501	9859
3488	9858
34853	9857
3474	9856
34692	9855
3454	9854
3451	9853
3445	9852
3442	9851
34397	9850
34350	9849
3423	9848
34043	9847
3397	9846
33888	9845
3380	9844
33730	9843
33644	9842
33579	9841
33453	9840
3337	9839
33267	9837
33236	9836
3308	9835
33014	9833
3298	9832
3280	9831
3279	9830
3277	9829
3272	9828
3262	9826
3260	9825
3251	9824
32449	9823
32346	9822
3224	9821
32198	9820
31811	9818
31713	9817
31572	9816
31542	9815
31539	9814
31486	9813
31367	9812
3136	9811
31265	9810
31251	9809
3112	9808
3111	9807
30870	9806
30802	9805
30792	9804
30699	9803
30553	9802
3045	9801
30364	9800
30202	9799
3015	9798
30058	9797
29998	9796
2999	9795
29897	9794
29850	9793
29659	9792
29648	9791
2964	9790
2959	9789
2945	9788
2941	9787
2937	9786
29221	9785
2903	9784
2877	9783
2875	9782
28748	9781
28707	9780
2869	9779
2852	9778
28462	9777
28460	9776
2845	9775
28375	9774
2832	9773
28237	9772
28227	9771
2817	9770
2803	9769
2791	9768
27735	9767
2758	9766
2754	9765
27492	9764
2738	9763
2721	9762
27147	9761
2691	9760
26810	9759
26769	9758
26740	9757
2654	9756
26534	9755
26520	9754
2648	9753
26446	9752
2636	9751
2631	9750
26301	9749
26165	9748
26010	9747
2596	9746
2584	9745
25678	9744
2564	9743
25486	9742
2546	9741
2523	9740
25033	9739
2496	9738
2492	9737
2490	9736
2489	9735
2469	9734
24625	9733
24583	9732
2457	9731
2452	9730
24514	9729
24400	9727
24322	9726
24277	9725
2402	9724
24018	9723
2388	9722
2379	9721
23537	9720
2349	9719
2321	9718
2304	9717
22986	9716
2290	9715
22825	9714
22723	9713
22659	9712
2253	9711
2240	9710
2225	9709
2223	9708
22223	9707
2191	9706
2178	9705
21714	9704
2161	9703
2158	9702
21329	9701
2130	9700
2127	9699
21207	9698
21135	9697
2108	9696
2105	9695
20828	9694
20784	9693
2076	9692
2071	9691
20343	9690
2034	9689
2027	9688
20160	9687
20116	9686
19988	9685
1977	9684
1974	9683
19692	9682
19216	9681
1889	9680
18724	9679
18661	9678
1864	9677
1860	9676
1858	9675
1849	9674
1832	9673
18210	9672
1804	9671
17907	9670
1787	9669
1784	9668
17780	9667
1766	9666
17517	9665
17488	9664
1746	9663
17414	9662
1740	9661
1730	9660
1722	9659
1678	9658
1677	9657
1674	9656
1630	9655
16038	9654
1583	9653
1581	9652
1549	9651
14614	9649
1457	9648
1439	9646
1438	9645
14250	9644
14073	9643
14032	9642
1379	9641
1369	9640
13434	9638
1328	9637
12949	9636
12849	9635
12645	9634
12597	9633
1237	9632
1228	9631
1225	9630
1221	9629
12097	9628
1205	9627
11922	9626
11894	9625
1177	9624
11666	9623
1147	9622
1145	9621
1126	9620
1113	9619
1110	9618
11072	9617
1083	9616
1072	9615
1058	9614
10485	9613
1046	9612
1045	9611
10336	9610
1030	9609
1023	9608
1005	9607
9996	9606
9992	9605
9983	9604
9971	9603
9949	9601
9938	9600
9932	9599
9926	9598
9922	9597
9887	9596
9875	9595
9859	9594
9857	9593
9841	9592
9838	9591
9779	9590
9778	9589
9769	9588
9754	9587
9752	9586
9750	9585
9737	9584
9722	9583
9717	9582
9713	9581
9702	9580
9695	9579
9680	9578
9677	9577
9652	9576
9642	9575
9638	9574
9629	9573
9624	9572
9596	9571
9570	9570
9543	9569
9533	9568
9530	9567
9523	9566
9522	9565
9501	9564
9486	9563
9442	9562
9434	9561
9395	9560
9387	9559
9384	9558
9380	9557
9376	9556
9374	9555
9373	9554
9356	9553
9342	9552
9340	9551
9325	9550
9324	9549
9302	9548
9289	9547
9281	9546
9278	9545
9273	9544
9267	9543
9257	9542
9251	9541
9234	9540
9207	9539
9206	9538
9184	9537
9181	9536
9180	9535
9176	9534
9175	9533
9158	9532
9130	9531
9122	9530
9117	9529
9086	9528
9085	9527
9082	9526
9081	9525
9061	9524
9018	9523
9013	9522
9010	9521
8978	9520
8975	9519
8974	9518
8971	9517
8969	9516
8952	9515
8940	9514
8919	9512
8916	9511
8906	9510
8904	9509
8902	9508
8900	9507
8891	9506
8881	9505
8838	9504
8834	9503
8828	9502
8817	9501
8787	9500
8766	9499
8750	9498
8738	9497
8730	9496
8716	9495
8665	9494
8658	9493
8647	9492
8646	9491
8634	9490
8624	9489
8621	9488
8607	9487
8600	9486
8596	9485
8551	9484
8539	9483
8530	9482
8524	9481
8512	9480
8492	9479
8479	9478
8458	9477
8446	9476
8445	9475
8440	9474
8422	9473
8404	9472
8399	9471
8388	9470
8380	9469
8351	9468
8347	9467
8329	9466
8326	9465
8260	9464
8259	9463
8258	9462
8186	9461
8179	9460
8156	9459
8075	9458
8067	9457
8066	9456
8038	9455
8010	9454
7999	9453
7991	9452
7974	9451
7971	9450
7930	9449
7916	9448
7914	9447
7913	9446
7907	9445
7864	9444
7862	9443
7847	9442
7841	9441
7816	9440
7802	9439
7800	9438
7796	9437
7792	9436
7780	9435
7773	9434
7770	9433
7757	9432
7756	9431
7741	9430
7699	9428
7695	9427
7694	9426
7679	9425
7667	9424
7661	9423
7655	9422
7653	9421
7651	9420
7640	9419
7637	9418
7612	9417
7592	9416
7587	9415
7584	9414
7576	9413
7572	9412
7559	9411
7554	9410
7545	9409
7543	9408
7540	9407
7539	9406
7538	9405
7535	9404
7534	9403
7522	9402
7518	9401
7515	9400
7503	9399
7490	9398
7466	9397
7429	9396
7381	9395
7376	9394
7372	9393
7367	9392
7361	9391
7358	9390
7353	9389
7346	9388
7304	9386
7288	9385
7264	9384
7252	9383
7238	9382
7217	9381
7213	9380
7200	9379
7179	9378
7176	9377
7163	9376
7137	9375
7130	9374
7125	9373
7109	9372
7086	9371
7082	9370
7060	9369
7052	9368
7051	9367
7039	9366
7037	9365
7036	9364
7023	9363
7018	9362
6983	9361
6979	9360
6945	9358
6917	9357
6907	9356
6860	9355
6837	9354
6828	9353
6818	9352
6810	9351
6802	9350
6786	9349
6780	9348
6755	9347
6729	9346
6727	9345
6725	9344
6677	9343
6570	9341
6556	9340
6548	9339
6545	9338
6539	9337
6528	9336
6504	9335
6503	9334
6495	9333
6481	9332
6459	9331
6451	9330
6442	9329
6435	9328
6430	9327
6389	9326
6384	9325
6383	9324
6381	9323
6358	9322
6353	9321
6338	9320
6337	9319
6334	9318
6316	9317
6312	9316
6292	9315
6280	9314
6269	9313
6259	9312
6243	9311
6199	9310
6193	9309
6187	9308
6165	9307
6161	9306
6120	9304
6119	9303
6116	9302
6110	9301
6070	9300
6058	9299
6049	9298
6044	9297
6038	9296
6033	9295
6013	9294
6011	9293
6005	9292
5990	9291
5967	9290
5938	9289
5913	9288
5878	9287
5875	9286
5868	9285
5867	9284
5832	9283
5812	9282
5796	9281
5764	9280
5752	9279
5747	9278
5704	9276
5678	9275
5647	9273
5625	9272
5616	9271
5612	9270
5582	9268
5567	9267
5536	9266
5505	9265
5489	9264
5466	9263
5465	9262
5455	9261
5404	9260
5389	9259
5345	9258
5333	9257
5332	9256
5292	9255
5273	9254
5262	9253
5249	9251
5247	9250
5236	9249
5233	9248
5223	9247
5206	9246
5183	9245
5179	9244
5155	9243
5152	9242
5136	9241
5123	9240
5072	9237
5069	9236
5051	9235
5002	9234
4980	9233
4967	9232
4966	9231
4947	9230
4935	9229
4929	9228
4921	9227
4905	9226
4904	9225
4889	9224
4886	9223
4885	9222
4877	9221
4864	9220
4862	9219
4861	9218
4859	9217
4855	9216
4852	9215
4782	9212
4780	9211
4736	9210
4717	9209
4713	9208
4711	9207
4705	9206
4703	9205
4694	9204
4656	9203
4643	9202
4628	9201
4602	9200
4598	9199
4596	9198
4580	9197
4578	9196
4571	9195
4558	9194
4554	9193
4526	9192
4522	9191
4502	9190
4488	9189
4487	9188
4479	9187
4473	9186
4462	9185
4453	9184
4451	9183
4426	9182
4422	9181
4417	9180
4415	9179
4411	9178
4396	9177
4391	9176
4370	9175
4367	9174
4350	9173
4347	9172
4304	9171
4303	9170
4293	9169
4270	9168
4260	9167
4229	9166
4209	9165
4206	9164
4197	9163
4195	9162
4191	9161
4179	9160
4178	9159
4156	9158
4154	9157
4146	9156
4135	9155
4115	9154
4097	9153
4090	9152
4083	9151
4047	9150
4028	9149
4025	9148
4013	9147
3994	9146
3988	9145
3985	9144
3976	9143
3967	9142
3954	9141
3950	9140
3939	9139
3926	9138
3905	9136
3900	9135
3874	9134
3870	9133
3856	9131
3842	9130
3818	9129
3812	9128
3771	9127
3763	9126
3754	9125
3748	9124
3744	9123
3728	9122
3712	9121
3673	9120
3663	9119
3659	9118
3657	9117
3649	9116
3634	9115
3630	9114
3629	9113
3614	9112
3613	9111
3605	9110
3600	9109
3583	9108
3571	9107
3555	9106
3546	9105
3526	9104
35232	9103
3520	9102
35180	9101
3518	9100
35121	9099
35115	9098
3507	9097
3496	9096
3481	9095
3475	9094
3468	9093
3464	9092
3452	9091
34461	9090
3443	9089
3418	9088
3413	9087
33986	9086
33965	9085
3395	9084
3391	9083
33905	9082
3378	9081
3363	9080
3355	9079
33457	9078
3344	9077
3328	9076
3321	9075
3319	9074
32889	9073
3286	9072
3285	9071
32750	9070
3249	9069
3237	9068
32294	9067
3228	9066
3213	9065
3209	9064
3196	9063
3194	9062
3182	9061
31754	9059
31725	9058
3171	9057
3170	9056
3168	9055
3167	9054
3159	9053
3156	9052
3151	9051
31321	9050
3116	9049
3104	9048
3100	9047
3081	9046
3076	9045
30703	9044
3070	9043
30536	9042
30475	9041
3038	9040
3036	9039
30215	9038
30189	9037
29960	9036
2996	9035
2979	9034
2946	9033
2944	9032
2934	9031
2928	9030
2906	9029
28921	9028
2892	9027
2879	9026
2868	9025
28621	9024
2824	9023
28231	9022
2821	9021
28134	9020
2813	9019
2792	9018
2786	9017
2775	9016
27713	9015
2765	9014
2757	9013
2751	9012
2749	9011
2748	9010
27135	9009
2708	9008
2707	9007
2704	9006
2703	9005
2681	9004
2675	9003
2673	9002
2667	9001
2650	9000
2646	8999
2638	8998
26214	8997
26080	8996
2608	8995
25817	8994
2581	8993
2576	8992
2567	8991
2557	8990
2544	8989
2531	8988
2520	8986
25140	8985
2506	8984
25010	8983
24851	8982
24843	8981
2479	8980
4012	9899
24569	8979
2449	8978
2448	8977
2445	8976
24285	8975
2424	8974
2423	8973
24193	8972
2405	8971
2400	8970
2386	8969
2376	8968
23756	8967
23627	8966
2355	8965
2348	8964
2338	8963
23349	8962
23348	8961
2334	8960
2314	8959
2313	8958
2312	8957
2308	8956
2305	8955
2303	8954
22947	8953
2284	8952
2275	8951
2266	8950
2258	8948
22371	8947
2233	8946
2226	8945
2216	8944
2203	8943
2199	8942
21854	8941
2180	8940
21648	8939
2153	8938
21407	8937
2136	8936
2096	8935
2072	8934
2070	8933
20689	8932
2067	8931
2051	8930
2040	8929
2032	8928
2017	8927
2016	8926
2015	8925
20098	8924
20095	8923
2008	8922
1965	8921
1964	8920
1963	8919
1948	8918
1942	8917
1941	8916
1934	8915
1928	8914
1914	8913
1892	8912
18789	8911
1878	8910
1867	8909
1861	8908
1844	8907
1824	8906
18140	8905
1812	8904
18112	8903
1811	8902
1809	8901
1808	8900
1798	8899
1795	8898
1793	8897
1777	8896
17769	8895
1767	8894
17464	8893
1744	8892
1736	8891
17245	8890
1724	8889
1718	8888
1707	8887
1667	8886
9955	9602
1648	8885
1638	8884
1625	8883
1613	8882
1584	8881
1573	8880
15726	8879
15701	8878
1558	8877
15256	8876
1506	8875
15042	8874
1500	8873
1489	8872
1482	8871
14724	8870
1467	8869
1466	8868
1465	8867
1446	8866
1444	8865
14216	8864
14088	8863
1370	8862
1359	8861
1350	8860
1341	8859
1305	8858
12941	8857
1292	8856
1285	8855
1284	8854
1283	8853
1281	8852
1264	8851
1238	8850
1227	8849
1195	8848
1153	8847
1128	8846
1120	8845
1117	8844
1115	8843
1102	8842
1100	8841
1098	8840
1097	8839
1056	8838
1029	8837
10184	8836
1018	8835
1017	8834
1014	8833
1008	8832
1007	8831
9989	8830
9972	8829
9968	8828
9962	8827
9928	8826
9914	8825
3658	9876
9909	8824
9905	8823
9877	8822
9871	8821
9863	8820
9837	8819
9827	8818
9812	8817
9807	8816
9805	8815
9803	8814
9763	8813
9760	8812
9748	8811
9741	8810
9735	8809
9710	8808
9709	8807
9699	8806
9698	8805
9693	8804
9689	8803
9650	8802
9646	8801
9641	8800
9636	8799
9628	8798
9564	8797
9547	8796
9545	8795
9544	8794
9539	8793
9471	8792
9466	8791
9463	8789
9460	8788
9443	8787
9439	8786
9430	8785
9417	8784
9403	8783
9379	8782
9375	8781
9364	8780
9363	8779
9313	8778
9310	8777
9303	8776
9290	8775
9264	8774
9263	8773
9256	8772
9249	8771
9215	8770
9213	8769
9197	8767
9188	8766
9183	8765
9177	8764
9163	8763
9162	8762
9161	8761
9160	8760
9150	8759
9148	8758
9146	8757
9139	8756
9136	8755
9129	8754
9126	8753
9115	8752
9110	8751
9104	8750
9103	8749
9101	8748
9099	8747
9096	8746
9088	8745
9079	8744
9076	8743
9069	8742
9067	8741
9066	8740
9062	8739
9022	8738
9005	8737
9002	8736
8989	8735
8979	8734
8972	8733
8968	8732
8966	8731
8961	8730
8960	8729
8958	8728
8912	8726
8911	8725
8909	8724
8908	8723
8907	8722
8905	8721
24492	9728
8896	8720
8890	8719
8871	8718
8865	8717
8860	8716
8853	8715
8845	8713
8844	8712
8843	8711
8841	8710
8840	8709
8836	8708
8825	8707
8805	8706
8793	8705
8791	8704
8784	8703
8783	8702
8775	8701
8769	8700
8768	8699
8759	8698
8741	8697
8724	8696
8713	8694
8712	8693
8703	8692
8692	8691
8689	8690
8675	8689
8674	8688
8668	8687
8664	8686
8662	8685
8656	8684
8649	8683
8644	8682
8639	8681
8617	8680
8608	8679
8597	8678
8593	8677
8577	8676
8575	8675
8574	8674
8555	8673
8554	8672
8525	8671
8513	8670
8504	8669
8502	8668
8501	8667
8498	8666
8488	8665
8431	8664
8428	8663
8403	8662
8393	8661
8391	8660
8385	8659
8375	8658
8368	8657
8354	8656
8353	8655
8343	8654
8331	8653
8327	8652
8319	8651
8314	8650
8311	8649
8306	8648
8297	8647
8291	8646
8289	8645
8270	8644
8262	8643
8254	8642
8249	8641
8219	8640
8206	8639
8170	8638
8165	8637
8153	8636
8116	8633
8106	8632
8103	8631
8083	8630
8076	8629
8073	8628
8072	8627
8065	8626
8058	8625
8049	8624
8034	8622
8032	8621
8022	8620
8000	8619
800	8618
7990	8617
7986	8616
7976	8615
7937	8614
7909	8613
7904	8612
7903	8611
7896	8610
7867	8609
7860	8608
7858	8607
7836	8606
7834	8605
7833	8604
7815	8603
7808	8602
7805	8601
7803	8600
7795	8599
7734	8598
7718	8597
7682	8596
7680	8595
7674	8594
7665	8593
7650	8592
7648	8591
7647	8590
7632	8589
7630	8588
7607	8587
7606	8586
7601	8585
7598	8584
7585	8583
7582	8582
7564	8581
7556	8580
7526	8579
7523	8578
7508	8577
7502	8576
7495	8575
7489	8574
7488	8573
7449	8572
7356	8571
7348	8570
7342	8569
7323	8568
7312	8567
7299	8566
7290	8565
7289	8564
7257	8563
7227	8562
7216	8561
7204	8560
7203	8559
7193	8558
7192	8557
7184	8556
7170	8555
7166	8554
7164	8553
7159	8552
7150	8551
7136	8550
7132	8549
7124	8548
7115	8547
7114	8546
7096	8545
7085	8544
7075	8543
7070	8542
7050	8541
7034	8540
7017	8539
7014	8538
7003	8537
6995	8536
6981	8535
6970	8534
6968	8533
6967	8532
6954	8531
6950	8530
6949	8529
6948	8528
6940	8527
6916	8526
6900	8525
6893	8524
6888	8523
6880	8522
6841	8521
6840	8520
6829	8519
6822	8518
6816	8517
6801	8516
6800	8515
6790	8514
6783	8513
6781	8512
6759	8511
6752	8510
6739	8509
6706	8508
6699	8507
6673	8506
6664	8505
6663	8504
6649	8503
6634	8502
6615	8501
6611	8500
6602	8499
6597	8498
6594	8497
6593	8496
6579	8495
6577	8494
6576	8493
6547	8492
6541	8491
6535	8490
6517	8489
6513	8488
6512	8487
6507	8486
6496	8485
6477	8484
6465	8483
6462	8482
6454	8481
6447	8480
6444	8479
6423	8478
6420	8477
6416	8476
6405	8475
6404	8474
6395	8473
6392	8472
6390	8471
6388	8470
6385	8469
6375	8468
6361	8467
6349	8466
6348	8465
6341	8464
6326	8463
6274	8462
6260	8461
6239	8460
6238	8459
6231	8458
6219	8457
6214	8456
6192	8455
6189	8454
6184	8453
6181	8452
6171	8451
6168	8450
6146	8449
6145	8448
6126	8447
6117	8446
6113	8445
6112	8444
6107	8443
6102	8442
6081	8441
6041	8439
6029	8437
6027	8436
6003	8435
6001	8434
5991	8433
5982	8432
5949	8431
5928	8430
5927	8429
5921	8428
5879	8427
5874	8426
5870	8425
5858	8424
5857	8423
5846	8422
5825	8421
5822	8420
5807	8419
5803	8418
5801	8417
5783	8416
5774	8415
5773	8414
5761	8413
5748	8412
5743	8411
5715	8409
5710	8408
5703	8407
5698	8406
5694	8405
5685	8404
5676	8403
5672	8402
5652	8401
5641	8400
5632	8399
5615	8398
5609	8397
5603	8396
5598	8395
5577	8394
5573	8393
5563	8391
5558	8390
5554	8389
5519	8388
5518	8387
5516	8386
5492	8385
5490	8384
5485	8383
5474	8382
5458	8381
5456	8380
5418	8379
5387	8378
5386	8377
5383	8376
5380	8375
5364	8374
5356	8373
5331	8372
5318	8371
5310	8370
5307	8369
5294	8367
5288	8366
5276	8365
5257	8364
5255	8363
5254	8362
5253	8361
5230	8360
5219	8359
5209	8357
5195	8356
5185	8355
5180	8354
5171	8353
5147	8352
5141	8351
5131	8350
5118	8348
5104	8347
5073	8346
5055	8345
5041	8344
5038	8343
5037	8342
5032	8341
5029	8340
5007	8339
4993	8337
4961	8336
4955	8335
4937	8334
4933	8333
4896	8332
4866	8331
4833	8330
4814	8329
4798	8328
4793	8327
4784	8326
4758	8325
4755	8324
4748	8323
4747	8322
4729	8321
4715	8320
4697	8319
4695	8318
4663	8317
4650	8316
4638	8315
4614	8314
4607	8313
4601	8312
4597	8311
4594	8310
4572	8309
4569	8308
4561	8307
4555	8306
4525	8304
4520	8303
4501	8302
4486	8301
4474	8300
4467	8299
4460	8298
4455	8297
4443	8296
4437	8295
4434	8294
4430	8293
4421	8292
4414	8291
5735	9277
4406	8290
4379	8289
4375	8288
4366	8287
4356	8286
4334	8285
4333	8284
4308	8283
4278	8282
4276	8281
4255	8280
4238	8279
4237	8278
4232	8277
4230	8276
4227	8275
4200	8274
4198	8273
4180	8272
4173	8271
4136	8270
4130	8269
4128	8268
4122	8267
4108	8266
4092	8265
4084	8264
4076	8263
4048	8261
4045	8260
4044	8259
4032	8258
4030	8257
4027	8256
4024	8255
4023	8254
4022	8253
4018	8252
4016	8251
3996	8250
3983	8249
3964	8248
3943	8247
3936	8246
3932	8245
3911	8244
3908	8243
3904	8242
3890	8241
3887	8240
3882	8239
3869	8238
3868	8237
3859	8236
3840	8235
3831	8233
3828	8232
3823	8231
3816	8230
3814	8229
3813	8228
3783	8227
3780	8226
3773	8225
3766	8224
3764	8223
3719	8222
3717	8221
3713	8220
3707	8219
3705	8218
3697	8217
3695	8216
3689	8215
3685	8214
3684	8213
3679	8212
3668	8211
3667	8210
36580	8209
3645	8208
3640	8207
3632	8206
36225	8205
3619	8204
36084	8203
3606	8202
3604	8201
3602	8200
3599	8199
3585	8198
3584	8197
35740	8196
3572	8195
3570	8194
3567	8193
3562	8192
3559	8191
3554	8190
3550	8189
3545	8188
35442	8187
3542	8186
3539	8185
3523	8184
3511	8183
35093	8182
3509	8181
3506	8180
3494	8179
3483	8178
3482	8177
34775	8176
3476	8175
34723	8174
3470	8173
3466	8172
3460	8171
34550	8170
34543	8169
3453	8168
3440	8167
3437	8166
3432	8165
3430	8164
3426	8163
3412	8162
3405	8161
33959	8160
3388	8159
3383	8158
3379	8157
33755	8156
3375	8155
3361	8154
3350	8153
33423	8152
3338	8151
33113	8150
3302	8149
3301	8148
3288	8147
3275	8146
32730	8145
3273	8144
3270	8143
3257	8142
32446	8141
32290	8140
3226	8139
3220	8138
3214	8137
3211	8136
3201	8135
31673	8134
3160	8133
3158	8132
3157	8131
3131	8130
3127	8129
31185	8128
3099	8127
30986	8126
3095	8125
3060	8124
3057	8123
30532	8122
3050	8121
3049	8120
3034	8119
3029	8118
3027	8117
30268	8116
3020	8115
3016	8114
3012	8113
3005	8112
3002	8111
29801	8110
2962	8109
2957	8108
2956	8107
2921	8106
2915	8105
2911	8104
2901	8103
2891	8102
28816	8101
2860	8100
2854	8099
2842	8098
2840	8097
2818	8096
2802	8095
2796	8094
2783	8093
27415	8092
2734	8091
2726	8090
27242	8089
2694	8088
2688	8087
2676	8086
2672	8085
2670	8084
2662	8083
2661	8082
2660	8081
2659	8080
2657	8079
2634	8078
2633	8077
2632	8076
2629	8075
2614	8074
2600	8073
2598	8072
25969	8071
2591	8070
2590	8069
2582	8068
2562	8067
2549	8066
2540	8065
2530	8063
2525	8062
2519	8061
2513	8060
2512	8059
2507	8058
2503	8057
2502	8056
2488	8055
2486	8054
2484	8053
2480	8052
2465	8051
2455	8050
2443	8049
2440	8048
2428	8047
2418	8046
2411	8044
2387	8043
2381	8042
2367	8041
2365	8040
2364	8039
2350	8038
2320	8037
2317	8036
2301	8035
2294	8034
2283	8033
2281	8032
2279	8031
2277	8030
2270	8029
2267	8028
2257	8027
2250	8026
2235	8025
2224	8024
2201	8023
2177	8022
2175	8021
2170	8020
2168	8019
2147	8018
2144	8017
2124	8016
2114	8015
2086	8014
2060	8013
20586	8012
2049	8011
2031	8010
2020	8009
2018	8008
2001	8007
1998	8006
1994	8005
1976	8004
1962	8003
19582	8002
19549	8001
1922	8000
1918	7999
1910	7998
1902	7997
1891	7996
1883	7995
1865	7994
1845	7993
1839	7992
1826	7991
1818	7990
1813	7989
1797	7988
1794	7987
1778	7986
1772	7985
1743	7984
1742	7983
1739	7982
1733	7981
1732	7980
1711	7979
1690	7978
1683	7977
1666	7976
1665	7975
1651	7974
1650	7973
1640	7972
1622	7970
1620	7969
16165	7968
1609	7967
16043	7966
1600	7965
1586	7964
1580	7963
1564	7962
1550	7961
1544	7960
1542	7959
1537	7958
1524	7957
1512	7956
1501	7955
1447	7954
1425	7953
1415	7952
1412	7951
1400	7950
1391	7949
1385	7948
1382	7947
1376	7946
1349	7945
1337	7944
1318	7943
1308	7942
1295	7941
1294	7940
9464	8790
1267	7939
1262	7938
1260	7937
1235	7936
1231	7935
1223	7934
1217	7933
1175	7930
1168	7929
1167	7928
1163	7927
1159	7926
1151	7925
1124	7924
1075	7923
1066	7922
1063	7921
1062	7920
1042	7919
1041	7918
1020	7917
1015	7916
1002	7915
9986	7914
9985	7913
9967	7912
9966	7911
9960	7910
9958	7909
9954	7908
9953	7907
9946	7906
9945	7905
9937	7904
9936	7903
9931	7902
9930	7901
9920	7900
9899	7899
9898	7898
9888	7897
9882	7896
9868	7895
9854	7894
9853	7893
9851	7892
9836	7891
9809	7890
9801	7889
9797	7888
9795	7887
9775	7886
9774	7885
9747	7883
9730	7882
9721	7881
9716	7880
9703	7879
9686	7878
9682	7877
9675	7876
9671	7875
9648	7874
9640	7873
9639	7872
9623	7871
9621	7870
9620	7869
9619	7868
9614	7867
9599	7866
9578	7865
9559	7864
9557	7863
9554	7862
9532	7861
9515	7860
9505	7859
9500	7858
9490	7857
9484	7856
9476	7855
9453	7854
9432	7853
9431	7852
9426	7851
9425	7850
9419	7849
9418	7848
9407	7847
9366	7846
9361	7845
9360	7844
9359	7843
9348	7842
9345	7841
9344	7840
9337	7839
9335	7838
9333	7837
9295	7836
9291	7835
9277	7834
9276	7833
9266	7832
9243	7831
9229	7829
9228	7828
9224	7827
6076	8440
9219	7826
9217	7825
9208	7824
9193	7823
9170	7821
9169	7820
9164	7819
9149	7818
9144	7817
9143	7816
9123	7815
9119	7814
9118	7813
9114	7812
9113	7811
9058	7810
9044	7809
9032	7808
9030	7807
9021	7806
9006	7805
9003	7804
900	7803
8997	7802
8992	7801
8987	7800
8962	7799
8959	7798
8950	7797
8942	7796
8929	7795
8913	7794
8899	7793
8894	7792
8893	7791
8877	7790
8868	7789
8835	7788
8820	7787
8811	7786
8810	7785
8799	7784
8797	7783
8792	7782
8771	7781
8761	7780
8760	7779
8751	7778
8736	7777
8728	7776
8715	7775
8714	7774
8707	7773
8700	7772
8679	7771
8678	7770
8655	7769
8654	7768
8653	7767
8650	7766
8648	7765
8635	7764
8633	7763
8625	7762
8599	7761
8590	7760
8587	7759
8582	7758
8580	7757
8572	7756
8560	7755
8545	7754
8543	7753
8542	7752
8538	7751
8532	7750
8519	7749
8515	7748
8511	7747
8508	7746
850	7745
8472	7744
8466	7743
8456	7742
8449	7741
8447	7740
8441	7739
8436	7738
8427	7737
8418	7736
8410	7735
8390	7734
8378	7733
8372	7732
8367	7731
8350	7730
8342	7729
8333	7728
8290	7727
8286	7726
8263	7725
8255	7724
8244	7723
8221	7722
8214	7721
8203	7720
8191	7719
8188	7718
8184	7717
8175	7716
8169	7715
8163	7714
8160	7713
8140	7712
8139	7711
8135	7710
8132	7709
8110	7708
8097	7707
8090	7706
8080	7705
8064	7704
8054	7703
8051	7702
8050	7701
8039	7700
8018	7699
8016	7698
8014	7697
8007	7696
8003	7695
7997	7694
7995	7693
7981	7692
7980	7691
7979	7690
7970	7689
7967	7688
7954	7687
7944	7686
7939	7685
7928	7684
7899	7683
7889	7682
7876	7681
7865	7679
7861	7678
7856	7677
7853	7676
7844	7675
7814	7673
7810	7672
7806	7671
7793	7670
7783	7669
7779	7668
7755	7667
7754	7666
7749	7665
7748	7664
7747	7663
7742	7662
7735	7661
7732	7660
7707	7659
7706	7658
7678	7657
7659	7656
7649	7655
7616	7654
7614	7653
5722	8410
7613	7652
7610	7651
7579	7650
7578	7649
7568	7648
7555	7646
7553	7645
7548	7644
7547	7643
7537	7642
7529	7641
7524	7640
7499	7639
7486	7638
7485	7637
7479	7636
7465	7635
7451	7634
7443	7633
7435	7632
7433	7631
7411	7630
7409	7629
7408	7628
7407	7627
7403	7626
7397	7625
7396	7624
7377	7623
7355	7622
7350	7621
7349	7620
7334	7619
7327	7618
7324	7617
7319	7616
7317	7615
7303	7614
7301	7613
7298	7612
7296	7611
7286	7610
7243	7609
7226	7608
7201	7607
7199	7606
7175	7604
7155	7603
7149	7602
7108	7601
7107	7600
7056	7599
7047	7598
7035	7597
7026	7596
7024	7595
7022	7594
6997	7593
6975	7592
6971	7591
6944	7590
6933	7589
6932	7588
6931	7587
6903	7586
6889	7585
6885	7584
6857	7583
6844	7582
6843	7581
6839	7580
6836	7579
6830	7578
6820	7577
6817	7576
6815	7575
6813	7574
6805	7573
6803	7572
6798	7571
6785	7570
6773	7569
6746	7568
6744	7567
6743	7566
6740	7565
6738	7564
6731	7563
6726	7562
6723	7561
6721	7560
6717	7559
6714	7558
6702	7557
6698	7556
6694	7555
6658	7554
6641	7553
6630	7552
6592	7551
6574	7550
6571	7549
6549	7548
6537	7547
6531	7546
6516	7545
6510	7544
6509	7543
6508	7542
6502	7541
6491	7540
6460	7539
6457	7538
6452	7537
6443	7536
6440	7535
6417	7534
6414	7533
6412	7532
6408	7531
6399	7530
6367	7529
6363	7528
6359	7527
6357	7526
6356	7525
6352	7524
6339	7523
6329	7522
6325	7521
6315	7520
6311	7519
6291	7518
6290	7517
6288	7516
6284	7515
6261	7514
6257	7513
6251	7512
6249	7511
6227	7510
6226	7509
6225	7508
6221	7507
6220	7506
6216	7505
6209	7504
6208	7503
6183	7502
6178	7501
6175	7500
6173	7499
6172	7498
6170	7497
6166	7496
6163	7495
6155	7494
6103	7493
6101	7492
6094	7491
6092	7490
6075	7489
6073	7488
6048	7486
6047	7485
6030	7484
6023	7483
6021	7482
6019	7481
6018	7480
6009	7479
5993	7478
5992	7477
5987	7476
5986	7475
5963	7473
5951	7472
5950	7471
5948	7470
5941	7469
5936	7468
5929	7467
5925	7466
5919	7465
5907	7464
5905	7463
5904	7462
5863	7461
5851	7460
5844	7459
5843	7458
5826	7457
5823	7456
5809	7455
5800	7454
5799	7453
5795	7452
5779	7451
5776	7450
5770	7449
5762	7448
5744	7447
5739	7446
5736	7445
5728	7444
5726	7443
5718	7442
5705	7441
5696	7440
5692	7439
5680	7438
5677	7437
5675	7436
5639	7435
5630	7434
5627	7433
5619	7432
5596	7431
5589	7430
5574	7429
5569	7428
5556	7427
5548	7426
5544	7425
5533	7424
5527	7423
5523	7422
5521	7421
5520	7420
5503	7419
5481	7418
5479	7417
5472	7416
5452	7415
5447	7414
5442	7413
5433	7412
5429	7411
5407	7410
5401	7409
5397	7408
5394	7407
5385	7406
5381	7405
5377	7404
5363	7403
5355	7402
5342	7401
5338	7400
5325	7399
5319	7398
5315	7397
5314	7396
5304	7395
5299	7394
5291	7393
5290	7392
5268	7391
5263	7390
5246	7389
5242	7388
5241	7387
5228	7386
5225	7385
5190	7384
5189	7383
5182	7382
5181	7381
5170	7380
5156	7379
5129	7378
5119	7377
5114	7375
5087	7374
5079	7373
5077	7372
5062	7371
5053	7370
5040	7369
5039	7368
5027	7367
5024	7366
5005	7365
5004	7364
4990	7363
4983	7362
4977	7361
4957	7360
4939	7359
4927	7358
4914	7357
4908	7356
4893	7355
4890	7354
4881	7353
4872	7352
4871	7351
4867	7350
4857	7349
4842	7348
4837	7347
4827	7346
4822	7345
4802	7344
4795	7343
4781	7342
4774	7341
4772	7340
4770	7339
4766	7338
4765	7337
4741	7336
4732	7335
4728	7334
4724	7333
4710	7332
4704	7331
4698	7330
4691	7329
4686	7328
4684	7327
4671	7326
4658	7325
4653	7324
4651	7323
24156	8045
4641	7322
4627	7321
4625	7320
4624	7319
4618	7318
4610	7317
4608	7316
4549	7314
4547	7313
4540	7312
4529	7311
4518	7310
4516	7309
4492	7308
4478	7307
4464	7306
4459	7305
4447	7304
4442	7303
4441	7302
4429	7301
4427	7300
4425	7299
4398	7298
4395	7297
4390	7296
4385	7295
4360	7294
4355	7293
4345	7292
4339	7291
4325	7290
4323	7289
4314	7288
4311	7286
4302	7285
4294	7284
4289	7283
4285	7282
4273	7281
4271	7280
4265	7279
4262	7278
4530	8305
4254	7277
4239	7276
4231	7275
4225	7274
4217	7273
4186	7272
4185	7271
4171	7270
4170	7269
4169	7268
4160	7267
4152	7266
4127	7265
4124	7264
4121	7263
4109	7262
4096	7261
4082	7260
4071	7259
4067	7258
4064	7257
4063	7256
4020	7255
4004	7254
4001	7253
3989	7252
3980	7251
3968	7250
3965	7249
3952	7248
3946	7247
3942	7246
3941	7245
3934	7244
3931	7243
3899	7241
3897	7240
3889	7239
3883	7238
3879	7237
3878	7236
3873	7235
3852	7233
3834	7232
3832	7231
3804	7230
3793	7229
3792	7228
3787	7227
3786	7226
3772	7225
3762	7224
3739	7222
3734	7221
3711	7220
3678	7219
3665	7218
3661	7217
7826	7674
36547	7216
36391	7215
3608	7214
3598	7213
3594	7212
3593	7211
3589	7210
3580	7209
3576	7208
3564	7207
3558	7206
3544	7205
3536	7204
35140	7203
3514	7202
3503	7201
3487	7200
3478	7199
3461	7198
3458	7197
3455	7196
34407	7195
3429	7194
3421	7193
3419	7192
3416	7191
3404	7190
3393	7189
3392	7188
33814	7187
3372	7186
3371	7185
3368	7184
33612	7183
3360	7182
3352	7181
33518	7180
3340	7179
3334	7178
3327	7177
3326	7176
3315	7175
3313	7174
3309	7173
3306	7172
3297	7171
3296	7170
3268	7169
3264	7168
3263	7167
32425	7166
3242	7165
3239	7164
3232	7162
32250	7161
3212	7160
3208	7159
3204	7158
3199	7157
3197	7156
3195	7155
3190	7154
3172	7153
3164	7152
3154	7151
3121	7149
3114	7148
3110	7147
3105	7146
3101	7145
3089	7144
30852	7143
3073	7142
3071	7141
3067	7140
3064	7139
3062	7138
3053	7137
3041	7136
3014	7135
3003	7134
2998	7133
2997	7132
2993	7131
2982	7130
2981	7129
2980	7128
2966	7127
2949	7126
2947	7125
1204	7931
2939	7124
8926	9513
2938	7123
2923	7122
2917	7121
2910	7120
29039	7119
2893	7118
2887	7117
2867	7115
2862	7114
2855	7113
2850	7112
2835	7111
2834	7110
2833	7109
2808	7108
27921	7107
2788	7106
2766	7105
2762	7104
2753	7103
2750	7102
2743	7101
2740	7100
2739	7099
27346	7098
2731	7097
2727	7096
2725	7095
2709	7094
2706	7093
2696	7092
2689	7091
2687	7090
2683	7089
2678	7088
2668	7087
2647	7086
26378	7085
2625	7084
2618	7083
2613	7082
2606	7081
2588	7080
2575	7079
2573	7078
2570	7077
25693	7076
2569	7075
2565	7074
2554	7073
2541	7072
2538	7071
2522	7070
2521	7069
2516	7068
2509	7067
2497	7066
2485	7065
2463	7064
2451	7063
2444	7062
2435	7061
2434	7060
2410	7059
2383	7058
2366	7057
2354	7056
2352	7055
2351	7054
2341	7053
2340	7052
2335	7051
2333	7050
2331	7049
2330	7048
2323	7047
2318	7046
2307	7045
2295	7044
2289	7043
2278	7042
2272	7041
2263	7040
2261	7039
2251	7038
2239	7037
2238	7036
2228	7035
2212	7034
2210	7033
2206	7032
2205	7031
2196	7030
2194	7029
2188	7028
2187	7027
2185	7026
2184	7025
2179	7024
2149	7023
2142	7022
2140	7021
2118	7020
2115	7019
2109	7018
2084	7017
2069	7016
2059	7015
2057	7014
2025	7013
2014	7012
2006	7011
1989	7010
1988	7009
1987	7008
1984	7007
1979	7006
1961	7005
1945	7004
1944	7003
1939	7002
19183	7001
1916	7000
1913	6999
1901	6998
1897	6997
1886	6996
1875	6995
1872	6994
1838	6993
1830	6992
1822	6991
1805	6990
1796	6989
1785	6988
1782	6987
1781	6986
1768	6985
1759	6984
1757	6983
1741	6982
1729	6981
1716	6980
1713	6979
1702	6978
1701	6977
1691	6976
1676	6975
1661	6974
1657	6973
1633	6972
1627	6971
1623	6970
1621	6969
1607	6968
1604	6967
1603	6966
1599	6965
1571	6962
1567	6961
1554	6960
1551	6959
1547	6958
1545	6957
1540	6956
1539	6955
1536	6954
1532	6953
1531	6952
1513	6951
1507	6950
1490	6949
1484	6948
1479	6947
1476	6946
1475	6945
1472	6944
1460	6943
1454	6942
1442	6941
1435	6940
1427	6938
1420	6937
1417	6936
1407	6935
1398	6934
1390	6933
1378	6932
1367	6931
1357	6930
1355	6929
1353	6928
1348	6927
1338	6926
1298	6925
1297	6924
1254	6922
1252	6921
1248	6920
1242	6919
1219	6918
1218	6917
1208	6916
1202	6915
1200	6914
1185	6913
1182	6912
1172	6911
1154	6910
1152	6909
1150	6908
1146	6907
1140	6906
1131	6905
1122	6904
1079	6903
1078	6902
1073	6901
1036	6899
1034	6898
1028	6897
1027	6896
1006	6895
9995	6894
9978	6893
9951	6892
9934	6891
9925	6890
9924	6889
9910	6888
9904	6887
9902	6886
9896	6885
9885	6884
9884	6883
9881	6882
9866	6880
9848	6879
9846	6878
9835	6877
9816	6876
9814	6875
9806	6874
9804	6873
9792	6872
9782	6871
9781	6870
9777	6869
9776	6868
9762	6867
9758	6866
9753	6865
9736	6864
9729	6863
9728	6862
9723	6861
9720	6860
9718	6859
9705	6858
9694	6857
9690	6856
9665	6855
9661	6854
9635	6853
9631	6852
9630	6851
9606	6850
9593	6849
9581	6848
9574	6847
9573	6846
9553	6845
9551	6844
9542	6843
9540	6842
9514	6840
9511	6839
950	6838
9487	6837
9482	6836
9473	6835
9455	6834
9451	6833
9447	6832
9433	6831
9429	6830
9420	6829
9410	6828
9382	6827
9370	6826
9368	6825
9358	6824
9352	6823
9329	6822
9317	6821
9307	6820
9305	6819
9304	6818
9287	6816
9280	6815
9270	6814
9262	6813
9261	6812
9258	6811
9252	6810
9248	6809
9242	6808
9238	6807
9235	6806
9232	6805
9218	6804
9212	6803
9209	6802
9204	6801
9200	6800
9195	6799
9191	6798
9187	6797
9174	6796
9159	6795
9156	6794
9155	6793
9142	6792
9137	6791
9132	6790
9128	6789
9121	6788
9105	6787
9098	6786
9093	6785
9054	6784
9050	6783
9041	6782
9039	6781
9035	6780
9034	6779
9031	6778
9028	6777
9027	6776
9012	6775
8995	6774
8984	6773
8976	6772
8963	6771
8953	6770
8948	6769
8944	6768
8933	6767
8932	6766
8914	6765
8910	6764
8895	6763
8885	6762
8878	6761
8874	6760
8869	6759
8857	6758
8855	6757
8854	6756
8852	6755
8849	6754
8848	6753
8839	6752
8832	6751
8829	6750
8806	6749
8802	6748
8801	6747
8798	6746
8795	6745
8782	6744
8778	6743
8772	6742
8764	6741
8762	6740
8755	6739
8753	6738
8746	6737
8742	6736
8722	6735
8720	6734
8711	6733
8699	6732
8691	6731
8690	6730
8686	6729
8683	6728
8676	6727
8645	6726
8630	6724
8627	6723
8619	6722
8611	6721
8589	6720
8578	6719
8565	6718
8562	6717
8553	6716
8537	6715
8528	6714
8521	6713
8520	6712
8518	6711
8491	6710
8474	6709
8473	6708
8465	6707
8464	6706
8452	6705
8429	6704
8409	6703
8407	6702
8405	6701
8397	6700
8384	6699
8374	6698
8373	6697
8365	6696
8362	6695
8357	6694
8323	6693
8318	6692
8313	6691
8303	6690
8296	6689
8295	6688
8293	6687
8292	6686
8281	6685
8275	6684
8245	6683
8235	6681
8231	6680
8225	6679
8222	6678
8211	6677
8205	6676
8200	6675
8198	6674
8196	6673
8195	6672
8194	6671
8193	6670
8189	6669
8172	6668
8167	6667
8157	6666
8151	6665
8145	6664
8131	6663
8126	6662
8119	6661
8118	6660
8105	6659
8102	6658
8101	6657
8096	6656
8087	6655
8081	6654
8071	6653
8070	6652
8063	6651
8053	6650
8047	6649
8042	6648
8037	6647
8033	6646
8031	6645
8017	6644
8013	6643
8008	6642
8006	6641
7994	6640
7987	6639
7977	6638
7966	6637
7958	6635
7955	6633
7949	6632
7941	6631
7938	6630
7932	6629
7911	6628
7902	6627
7894	6626
7884	6625
7883	6624
7873	6623
7871	6622
7846	6621
7839	6620
7837	6619
7818	6618
7817	6617
32620	9827
7797	6616
7791	6615
7789	6614
7781	6613
7775	6612
7745	6611
7744	6610
7739	6609
7733	6608
7730	6607
7722	6606
7713	6605
7712	6604
7708	6603
7704	6602
7698	6601
7693	6600
7673	6599
7671	6598
7666	6597
7652	6596
7645	6595
7644	6594
7642	6593
7629	6592
7622	6591
7619	6590
7604	6589
7594	6588
7586	6587
7581	6586
7580	6585
7575	6584
7562	6582
7551	6581
7549	6580
7542	6579
7541	6578
7532	6577
5261	9252
7530	6576
7517	6575
7516	6574
7512	6573
7476	6572
7462	6571
7457	6570
7455	6569
7450	6568
7447	6567
7445	6566
7414	6565
7399	6564
7398	6563
7393	6562
7380	6561
7375	6560
7374	6559
7371	6558
7363	6557
7344	6556
7335	6555
7326	6554
7316	6553
7313	6552
7302	6551
7295	6550
7284	6549
7283	6548
7275	6547
7273	6546
7272	6545
7271	6544
7270	6543
7241	6542
7239	6541
7232	6540
7222	6539
7209	6538
7180	6537
7152	6536
7141	6535
7110	6534
7099	6533
7098	6532
7080	6531
7074	6530
7069	6529
7067	6528
7062	6527
7059	6526
7057	6525
7025	6524
7021	6523
7013	6522
7002	6521
6996	6520
6994	6519
6992	6518
6978	6517
6977	6516
6976	6515
6972	6514
6966	6513
6961	6512
6951	6511
6939	6510
6936	6509
6926	6508
6925	6507
6923	6506
6909	6505
6908	6504
6904	6503
6881	6502
6878	6501
6872	6500
6869	6499
6865	6498
6858	6497
6853	6496
6851	6495
6848	6494
6846	6493
6838	6492
6835	6491
6796	6490
6795	6489
6784	6488
6778	6487
6736	6486
6728	6485
6722	6484
6716	6483
6713	6482
6697	6481
6691	6480
6685	6479
6674	6478
6662	6477
6652	6476
6647	6475
4996	8338
6646	6474
6633	6473
6631	6472
6626	6471
6623	6470
6617	6469
6614	6468
6607	6467
6605	6466
6598	6465
6590	6464
6589	6463
6587	6462
6584	6461
6580	6460
6561	6459
6559	6458
6550	6457
6533	6456
6532	6455
6524	6454
6518	6452
6511	6451
6505	6450
6501	6449
6500	6448
6469	6447
6449	6446
6437	6445
6366	6444
6362	6443
6347	6442
6335	6441
6328	6440
6324	6439
6323	6438
6320	6437
6317	6436
6310	6435
6306	6434
6296	6433
6295	6432
6289	6431
6285	6430
6282	6429
6268	6428
6256	6427
6248	6426
6247	6425
6240	6423
6222	6422
6197	6421
6177	6420
6157	6419
6154	6418
6151	6417
6150	6416
6147	6415
6131	6414
6130	6413
6129	6412
6124	6411
6122	6410
6121	6409
6118	6408
6115	6407
6089	6406
6054	6405
6052	6404
6050	6403
6024	6402
6020	6401
6012	6400
6010	6399
6000	6398
5979	6397
5976	6396
5953	6395
5945	6394
5937	6393
5935	6392
5922	6391
5917	6390
5916	6389
5910	6388
5895	6387
5865	6386
5864	6385
5859	6384
5855	6383
5852	6382
5845	6381
5842	6380
5836	6379
5834	6378
5819	6377
5817	6376
5815	6375
5797	6374
5786	6373
5778	6372
8142	8635
5777	6371
5769	6370
5763	6369
5740	6368
5738	6367
5712	6366
5709	6365
5684	6364
5670	6363
7959	6636
5668	6362
5666	6361
5663	6360
5661	6359
5655	6358
5650	6357
5644	6356
5638	6355
5614	6354
5605	6353
5593	6352
5587	6351
5586	6350
5576	6349
5564	6348
5545	6347
5543	6346
5541	6345
5534	6344
5525	6343
5513	6342
5495	6341
5484	6340
5483	6339
8133	8634
5482	6338
5480	6337
5473	6336
5461	6335
5451	6334
5437	6333
5436	6332
5423	6331
5413	6330
5411	6329
5409	6328
5402	6327
5395	6326
5390	6325
5388	6324
5382	6323
5379	6322
5371	6321
5368	6320
5367	6319
5326	6318
5320	6317
5316	6316
5303	6315
5266	6314
5251	6313
5250	6312
5244	6311
5232	6310
5215	6309
5194	6308
5191	6307
5175	6306
5166	6305
5165	6304
5163	6303
5148	6302
5140	6301
5130	6300
5124	6299
5110	6298
5097	6297
5094	6296
5092	6295
5090	6294
5085	6293
5074	6292
5067	6291
5059	6290
5054	6289
5048	6288
5036	6287
5035	6286
5022	6285
5021	6284
4959	6283
4949	6282
4948	6281
4918	6280
4916	6279
4913	6278
4902	6277
4901	6276
4884	6275
4883	6274
4880	6273
4878	6272
4874	6270
4870	6269
4868	6268
4865	6267
4860	6266
4846	6264
4845	6263
4826	6262
4815	6261
4804	6260
4801	6259
4794	6258
4785	6257
4776	6256
4771	6255
4763	6254
4750	6253
4749	6252
4744	6251
4730	6250
4709	6249
4681	6248
4680	6247
4676	6246
4659	6245
4652	6244
4640	6243
4633	6242
4630	6241
4599	6240
4586	6239
4574	6238
4573	6237
4570	6236
4565	6235
4552	6234
4550	6233
4541	6232
4535	6231
4533	6230
4527	6229
4524	6228
4515	6227
4508	6226
4507	6225
4504	6224
4498	6223
4496	6222
4483	6221
4481	6220
4463	6219
4433	6218
4420	6217
4419	6216
4404	6215
4389	6214
4388	6213
4382	6212
4352	6211
4343	6210
4338	6208
4316	6207
4306	6206
4305	6205
4291	6204
4290	6203
4258	6202
4249	6201
4240	6200
4224	6199
4223	6198
4221	6197
4218	6196
4214	6195
4213	6194
4210	6193
4208	6192
4207	6191
4203	6190
4201	6189
4190	6188
4188	6187
4187	6186
4177	6185
4176	6184
4174	6183
4148	6182
4147	6181
4134	6180
4133	6179
4131	6178
4114	6177
4113	6176
4101	6175
4093	6174
4086	6173
4070	6172
4062	6171
4059	6170
4040	6169
4037	6168
4029	6167
4019	6166
3743	7223
3966	6164
3962	6163
3960	6162
3953	6161
3948	6160
3912	6159
3907	6158
3898	6157
3892	6156
3888	6155
3864	6153
3860	6152
3854	6151
3853	6150
3848	6149
3845	6148
3827	6147
3815	6146
3809	6145
3806	6144
3805	6143
3767	6142
3761	6141
3758	6140
3751	6139
3747	6138
3746	6137
3745	6136
3737	6135
3736	6134
3732	6133
3730	6132
3725	6131
3720	6130
3716	6129
3710	6128
3692	6127
3681	6126
3656	6125
3655	6124
3642	6123
3639	6122
3623	6121
3595	6120
3592	6119
3581	6118
3574	6117
3573	6116
3566	6115
3552	6114
3551	6113
3549	6112
3548	6111
35451	6110
3532	6109
3519	6108
3513	6107
3502	6106
3495	6105
3436	6103
3427	6102
3411	6101
3403	6100
3402	6099
3370	6098
3367	6097
3353	6096
3351	6095
3348	6094
3343	6093
3335	6092
3329	6091
3324	6090
3291	6089
3281	6088
3267	6087
3259	6086
3255	6085
3254	6084
3244	6083
3238	6082
3222	6081
3218	6080
3206	6079
3205	6078
3187	6077
3186	6076
3185	6075
3183	6074
3179	6073
3161	6072
3155	6071
3153	6070
3152	6069
3150	6068
3138	6067
3119	6066
3109	6065
3093	6064
3082	6063
3058	6061
3047	6060
3043	6059
3031	6058
3010	6057
3009	6056
2975	6055
2965	6054
2963	6053
2958	6052
2953	6051
2952	6050
2943	6049
2929	6048
2927	6047
2922	6046
2918	6045
2913	6044
2890	6043
2886	6042
2885	6041
2858	6040
2853	6039
2849	6038
2847	6037
2846	6036
2838	6035
2837	6034
2827	6033
2820	6032
2805	6031
2804	6030
2795	6029
2794	6028
2778	6027
2770	6026
2747	6025
2733	6024
2730	6023
2729	6022
2718	6021
2717	6020
2701	6019
2695	6018
2686	6017
2666	6016
2652	6015
2644	6014
2619	6012
2611	6011
2599	6010
2589	6009
2583	6008
2580	6007
2568	6006
2561	6005
2537	6004
2529	6003
2527	6002
2514	6001
2505	6000
2498	5999
2495	5998
2491	5997
2487	5996
2471	5995
2446	5994
2439	5993
2438	5992
2432	5991
2417	5990
2409	5989
2406	5988
2385	5986
2380	5985
2375	5984
2373	5983
2372	5982
2369	5981
2362	5980
2361	5979
2360	5978
2359	5977
2342	5976
2337	5975
2329	5974
2327	5973
2325	5972
2315	5970
2311	5969
2310	5968
2302	5967
2292	5966
2286	5965
2276	5964
2268	5963
2265	5962
2254	5961
2243	5960
2237	5959
2236	5958
2193	5957
2192	5956
2182	5955
2176	5954
2173	5953
2172	5952
2160	5951
2157	5950
2133	5949
2129	5948
2102	5947
2100	5946
2097	5945
2093	5944
2081	5942
2063	5941
2062	5940
2053	5939
2023	5938
2009	5937
2005	5936
1996	5935
1981	5934
1980	5933
1972	5932
1971	5931
1969	5930
1966	5929
1958	5928
1954	5927
1951	5926
1943	5925
1940	5924
1935	5923
1933	5922
1923	5921
1917	5920
1912	5919
1896	5918
1894	5917
1882	5916
1879	5915
1866	5914
1855	5913
1847	5912
1843	5911
1842	5910
1836	5909
1833	5908
1815	5907
1803	5906
1802	5905
1783	5904
1776	5903
1775	5902
1770	5901
1762	5900
1754	5899
1735	5898
1726	5897
1712	5896
17067	5895
1687	5894
1684	5893
1682	5892
1668	5891
1664	5890
1663	5889
1660	5888
1659	5887
1656	5886
1652	5885
1637	5883
1634	5882
1614	5881
1612	5880
1606	5879
1591	5878
1587	5877
1575	5876
1568	5874
1556	5873
1552	5872
1543	5871
1520	5870
1451	5868
1441	5867
1436	5866
1423	5865
1419	5864
1410	5863
1405	5862
1395	5861
1392	5860
1384	5859
1375	5858
1372	5857
1368	5856
1366	5855
1340	5854
1335	5853
1325	5852
1322	5851
1319	5850
1310	5849
1302	5848
1301	5847
1299	5846
1293	5845
1291	5844
1288	5843
1286	5842
1282	5841
1278	5840
1275	5839
1274	5838
1273	5837
1261	5836
1251	5835
1243	5834
1226	5833
1220	5832
1215	5831
5671	9274
1199	5830
1194	5829
1192	5828
1186	5827
1183	5826
1181	5825
1165	5824
1161	5823
1148	5822
1139	5821
1123	5820
1118	5819
1094	5818
1074	5817
1068	5816
1061	5815
1059	5814
1038	5813
1033	5812
1032	5811
1012	5810
9976	5809
9969	5808
9964	5807
9963	5806
9941	5805
9939	5804
9917	5803
9903	5802
9891	5801
9890	5800
9873	5799
9870	5798
9862	5797
9861	5796
9860	5795
9855	5794
9852	5793
9844	5792
9834	5791
9831	5790
9830	5789
9824	5788
9821	5787
9800	5786
9794	5785
9791	5784
9786	5783
9767	5782
9744	5781
9739	5780
9734	5779
9726	5778
9715	5777
9706	5776
9701	5775
9700	5774
9691	5773
9666	5772
9664	5771
9660	5770
9659	5769
9653	5768
9634	5767
9626	5766
9615	5765
9607	5764
9602	5763
9586	5762
9576	5760
9572	5759
9541	5758
9525	5757
9518	5756
9517	5755
9516	5754
9507	5753
9506	5752
9499	5751
9494	5750
9488	5749
9481	5748
9479	5747
7709	9429
9475	5746
9462	5745
9445	5744
9436	5743
9424	5742
9405	5741
9401	5740
9349	5739
9339	5738
9338	5737
9328	5736
9327	5735
9322	5734
9318	5733
9285	5732
9282	5731
9259	5730
9250	5729
9247	5728
9240	5727
9237	5726
9236	5725
9227	5724
9226	5723
9223	5722
9222	5721
9221	5720
9216	5719
9198	5718
9186	5717
9182	5716
9179	5715
9178	5714
9167	5713
9153	5712
9135	5711
9120	5710
9108	5709
9072	5708
9063	5707
9049	5706
9038	5705
9037	5704
9036	5703
9020	5702
9019	5701
9017	5700
9016	5699
9007	5698
8993	5697
8991	5696
8988	5695
8982	5694
8970	5693
8946	5692
8943	5691
8928	5690
8922	5689
8918	5688
8882	5687
8879	5686
8875	5685
8866	5684
8861	5683
8859	5682
8827	5681
8803	5680
8788	5679
8743	5678
8732	5677
8731	5676
8726	5675
8721	5674
8719	5673
8701	5672
8696	5671
8695	5670
8684	5669
8681	5668
8677	5667
8637	5666
8629	5665
8623	5664
8620	5663
8616	5662
8613	5661
8606	5660
8604	5659
8603	5658
8601	5657
8588	5656
8569	5654
8564	5653
8563	5652
8561	5651
8559	5650
8557	5649
8548	5648
8541	5647
8535	5646
8506	5645
8503	5644
8484	5643
8481	5642
8478	5641
8460	5640
8459	5639
8451	5638
8448	5637
8444	5636
8438	5635
8424	5634
8420	5633
8400	5632
8360	5631
8358	5630
8344	5629
8328	5628
8312	5627
8305	5626
8287	5625
8283	5624
8274	5623
8268	5622
6519	6453
8265	5621
8252	5620
8238	5619
8230	5618
8229	5617
8190	5616
8187	5615
8182	5614
8162	5612
8161	5611
8154	5610
8149	5609
8143	5608
8141	5607
8115	5606
8111	5605
8098	5603
8091	5602
8089	5601
8088	5600
8082	5599
8069	5598
8041	5597
8035	5596
8027	5595
8025	5594
8012	5593
8011	5592
8001	5591
7998	5590
7993	5589
7975	5588
7968	5587
7963	5586
7962	5585
7960	5584
7952	5583
7934	5582
7933	5581
3836	8234
7923	5580
7908	5579
7863	5578
7859	5577
7831	5576
7824	5575
9300	6817
7807	5574
7799	5573
7765	5572
7764	5571
7737	5570
7723	5569
7705	5568
7675	5567
7663	5566
7662	5565
7660	5564
7657	5563
7641	5562
7638	5561
7636	5560
7603	5559
7588	5558
7583	5557
7571	5556
7550	5555
7531	5554
7513	5553
7507	5552
7500	5551
6244	6424
7478	5550
7473	5549
7472	5548
7469	5547
7460	5546
7459	5545
7441	5544
7426	5543
7425	5542
7424	5541
7422	5540
7421	5539
7420	5538
7413	5537
7412	5536
7391	5535
7385	5534
7384	5533
7382	5532
7369	5531
7362	5530
7360	5529
7357	5528
7352	5527
7351	5526
7330	5525
7325	5524
7310	5523
7309	5522
7268	5521
7266	5520
7244	5519
7242	5518
7240	5517
7229	5515
7225	5514
7219	5513
7197	5512
7186	5511
7185	5510
7183	5509
7181	5508
7177	5507
7172	5506
7162	5505
7139	5503
7127	5502
7119	5501
7116	5500
7113	5499
7106	5498
7100	5497
7094	5496
7090	5495
7089	5494
7081	5493
7079	5492
7072	5491
7071	5490
7068	5489
7065	5488
7061	5487
7055	5486
7053	5485
7046	5484
7031	5483
7004	5481
6991	5480
6988	5479
6985	5478
6969	5477
6965	5476
6962	5475
6953	5474
6922	5473
6920	5472
6915	5471
6902	5470
6898	5469
6897	5468
6883	5467
6877	5466
6870	5465
6864	5464
6850	5463
6847	5462
6821	5461
6819	5460
6814	5459
6809	5458
6804	5457
6797	5456
6788	5455
6776	5454
6775	5453
6768	5452
6765	5451
6764	5450
6763	5449
2264	8949
6751	5448
6720	5447
6709	5446
6693	5445
6692	5444
6679	5443
6671	5442
6669	5441
6666	5440
6651	5439
6639	5438
6625	5437
6616	5436
6610	5435
6578	5434
6569	5433
6568	5432
6563	5431
6552	5430
6546	5429
6544	5428
6543	5427
6534	5426
6529	5425
6506	5424
6499	5423
6480	5422
6475	5421
6464	5420
6455	5419
6448	5418
6439	5417
6424	5416
6419	5415
6410	5414
6407	5413
7956	6634
6403	5412
6380	5411
6379	5410
6378	5409
6372	5408
6370	5407
6345	5406
6333	5405
6332	5404
6331	5403
6305	5402
6304	5401
6286	5400
6276	5399
6264	5398
6262	5397
6258	5396
6255	5395
6241	5394
6234	5393
6233	5392
6228	5391
6224	5390
6217	5389
6194	5388
6186	5387
6162	5386
6159	5385
6156	5384
6153	5383
6152	5382
6149	5381
6144	5380
6142	5379
6140	5378
6136	5377
6097	5376
6079	5375
6077	5374
6063	5373
6062	5372
6061	5371
6056	5370
6051	5369
6046	5368
6045	5367
6042	5366
6040	5365
6036	5364
6032	5363
6028	5362
6026	5361
6025	5360
5984	5359
5974	5358
5970	5357
5969	5356
5954	5355
5942	5354
5926	5353
5912	5352
5909	5351
5900	5350
5896	5349
5893	5348
5883	5347
5860	5346
5856	5345
5847	5344
5841	5343
5833	5342
5828	5341
5827	5340
5824	5339
5816	5338
5814	5337
5810	5336
5806	5335
5802	5334
5780	5333
5768	5332
5753	5331
5751	5330
5725	5329
1569	5875
5721	5328
5714	5327
5711	5326
5702	5325
5701	5324
5695	5323
5688	5322
5662	5321
5659	5320
5657	5319
5654	5318
5653	5317
5646	5316
5645	5315
5623	5314
9528	6841
5620	5313
5610	5312
5607	5311
5600	5310
5597	5309
5590	5308
5588	5307
5578	5306
5552	5305
5550	5304
5549	5303
5515	5302
5504	5301
5494	5300
5491	5299
5486	5298
5475	5297
5470	5296
5449	5295
5445	5294
5441	5293
5424	5292
5421	5291
5396	5290
5393	5289
5384	5288
5376	5287
5370	5286
5369	5285
5360	5284
5351	5283
5349	5282
5340	5281
5321	5280
5313	5279
5309	5278
5305	5277
5300	5276
5298	5275
5297	5274
5281	5273
5272	5272
5260	5271
5245	5270
5238	5269
5221	5268
5220	5267
5217	5266
5208	5265
5207	5264
5193	5263
5187	5262
5168	5261
5164	5260
5161	5259
5159	5258
5157	5257
5145	5256
5144	5255
5138	5254
5135	5253
5121	5252
5111	5251
5089	5250
5070	5249
5065	5248
5064	5247
5060	5246
5052	5245
5034	5244
5026	5243
5023	5242
5020	5241
5018	5240
5015	5239
5014	5238
5008	5237
4998	5236
4987	5235
4978	5234
4968	5233
4964	5232
4960	5231
4934	5230
4930	5229
4923	5228
1051	6900
4903	5227
4891	5226
4848	5224
4839	5223
4831	5222
4817	5221
4800	5220
4783	5219
4773	5218
4753	5217
4746	5216
4742	5215
4739	5214
4735	5213
4731	5212
4708	5211
4707	5210
4693	5209
4690	5208
4688	5207
4687	5206
4683	5205
4670	5204
4661	5203
4649	5202
4637	5201
4631	5200
4623	5199
4611	5198
4603	5197
4582	5196
4579	5195
4577	5194
4564	5193
4551	5192
4545	5191
4536	5190
4531	5189
4519	5188
4517	5187
4510	5186
4489	5184
4485	5183
4484	5182
4477	5181
4468	5180
4466	5179
4448	5178
4424	5176
4418	5175
4394	5174
4368	5173
4364	5172
4349	5170
4342	5169
4340	5168
4331	5167
4322	5166
4317	5165
4296	5164
4284	5163
4275	5162
4274	5161
4263	5160
4256	5159
4252	5158
4247	5157
4236	5156
4226	5155
4212	5154
4196	5153
4189	5152
4184	5151
4167	5150
4166	5149
4161	5148
4157	5147
4155	5146
4150	5145
4144	5144
4140	5143
4139	5142
4138	5141
4129	5140
4105	5139
4089	5138
4088	5137
4077	5136
4075	5135
4072	5134
4068	5133
4055	5132
4054	5131
4053	5130
4051	5129
4043	5128
4041	5127
4011	5126
4009	5125
4002	5124
3998	5123
3997	5122
3982	5121
3973	5120
3971	5119
3969	5118
3961	5117
3958	5116
3947	5115
3940	5114
3935	5113
3927	5112
3924	5111
3917	5110
3914	5109
3910	5108
7198	7605
3880	5107
3877	5106
3872	5105
3867	5104
3865	5103
3862	5102
3861	5101
3841	5100
3839	5099
3810	5098
3791	5097
3782	5096
3765	5095
3727	5094
3723	5093
3718	5092
3715	5091
3714	5090
3709	5089
3701	5088
3698	5087
3693	5086
3690	5085
3688	5084
3682	5083
3677	5082
3666	5081
3662	5080
3660	5079
3654	5078
3643	5077
3631	5076
3617	5075
3616	5074
3579	5073
3577	5072
3565	5070
3553	5069
3535	5068
3533	5067
3521	5066
3508	5065
3493	5064
3479	5063
3467	5062
3424	5061
3400	5060
3387	5059
3377	5058
3362	5057
3341	5056
3292	5055
32896	5054
3289	5053
3278	5052
3261	5051
3230	5050
3210	5049
3203	5048
3189	5047
3184	5046
3177	5045
3176	5044
3169	5043
31580	5042
3148	5041
3143	5040
3139	5039
3137	5038
3132	5037
3128	5036
3113	5035
3106	5034
3098	5033
3091	5032
3084	5031
3083	5030
3080	5029
3072	5028
3069	5027
3063	5026
3061	5025
3059	5024
3055	5023
3051	5022
3048	5021
8642	6725
3040	5020
3028	5019
3022	5018
3019	5017
3018	5016
3013	5015
3008	5014
2994	5013
2992	5012
2987	5011
2985	5010
2974	5009
2971	5008
2955	5007
2954	5006
2936	5005
2935	5004
2925	5003
2924	5002
2914	5001
2902	5000
2881	4999
2880	4998
2863	4997
2841	4996
2829	4995
2826	4994
2825	4993
2811	4992
2810	4991
2806	4990
2800	4989
2793	4988
2790	4987
2789	4986
2785	4985
2779	4984
2774	4983
2772	4982
2771	4981
2761	4980
2755	4979
2746	4978
2744	4977
2735	4976
2724	4975
2714	4974
2713	4973
2712	4972
2699	4971
2690	4970
2685	4969
2682	4968
2658	4967
2637	4966
2623	4965
2621	4964
2620	4963
2615	4962
2609	4961
2579	4960
2577	4959
2551	4958
2550	4957
2539	4956
2532	4955
2518	4954
2510	4953
2504	4952
2494	4951
2481	4950
2477	4949
2476	4948
24753	4947
2475	4946
2474	4945
2473	4944
2467	4943
2458	4942
2456	4941
2447	4940
2436	4939
2421	4938
2412	4937
2403	4936
2396	4935
2395	4934
2347	4933
2344	4932
2343	4931
2339	4930
2309	4929
2298	4928
2287	4927
2269	4926
2260	4925
2252	4924
2244	4923
2230	4922
2229	4921
2222	4920
2215	4919
2207	4918
2202	4917
2171	4916
2163	4915
2156	4914
2139	4913
2126	4912
2113	4911
2111	4910
2101	4909
2099	4908
2091	4907
2079	4906
2065	4905
2064	4904
2047	4903
2046	4902
2044	4901
2043	4900
2024	4899
2019	4898
2010	4897
1967	4896
1957	4895
1955	4894
1952	4893
1949	4892
1907	4891
1899	4890
1895	4889
1887	4888
1885	4887
1880	4886
1856	4885
1848	4884
1831	4883
1819	4882
1816	4881
1807	4880
1801	4879
1790	4878
1786	4877
1779	4876
1765	4875
1758	4874
1751	4873
1747	4872
1727	4871
1723	4870
1715	4869
1714	4868
1709	4867
1704	4866
1703	4865
1700	4864
5602	9269
1698	4863
1693	4862
1681	4861
1679	4860
1673	4859
1672	4858
1654	4857
1643	4856
1635	4855
1631	4854
1628	4853
1615	4852
1602	4851
1589	4850
1582	4849
1576	4848
1572	4847
1566	4846
1565	4845
1560	4844
1555	4843
2873	7116
1538	4842
1535	4841
1523	4840
1521	4839
1515	4838
1509	4837
1499	4836
3236	7163
1498	4835
1497	4834
1496	4833
1495	4832
1494	4831
1492	4830
5095	9238
1481	4829
1471	4828
1468	4827
1462	4826
1440	4825
1422	4824
1413	4823
1373	4822
1363	4821
1351	4820
1346	4819
1345	4818
1344	4817
1320	4816
1314	4815
1296	4814
1289	4813
1276	4812
1269	4811
1268	4810
1258	4809
1239	4808
1229	4807
1212	4806
1211	4805
1190	4804
1179	4803
1173	4802
1170	4801
1459	5869
1166	4800
1160	4799
1157	4798
1141	4797
1137	4796
1136	4795
1134	4794
1099	4793
1091	4792
1084	4791
1070	4790
1270	6923
1067	4789
1055	4788
7557	7647
1039	4787
1022	4786
1021	4785
1011	4784
9999	4783
9990	4782
9987	4781
9979	4780
9977	4779
9961	4778
9935	4777
9923	4776
9915	4775
9911	4774
9907	4773
9901	4772
9894	4771
9880	4770
9865	4769
9842	4768
9839	4767
9823	4766
9822	4765
9811	4764
9810	4763
9789	4762
9787	4761
9780	4760
9771	4759
9738	4758
9731	4757
9707	4755
9704	4754
9684	4753
9683	4752
9678	4751
9676	4750
9667	4749
9643	4748
9603	4747
9591	4746
9589	4745
9587	4744
9585	4743
9577	4742
9575	4741
9571	4740
9560	4739
9552	4738
9546	4737
9529	4736
9520	4735
9502	4733
9498	4732
9495	4731
9493	4730
9461	4729
9458	4728
9448	4727
9444	4726
9440	4725
9409	4724
9400	4723
9398	4722
9397	4721
9386	4720
9381	4719
9371	4718
9355	4717
9332	4716
9330	4715
9320	4714
9311	4713
9292	4712
9288	4711
9260	4710
9220	4709
9214	4708
9196	4707
9154	4706
9138	4705
9133	4704
9109	4703
9090	4702
9089	4701
9087	4700
9084	4699
9078	4698
9060	4697
9059	4696
9057	4695
9056	4694
9008	4693
9000	4692
8998	4690
8994	4689
8990	4688
8985	4687
8967	4686
8949	4685
8939	4684
8937	4683
8923	4682
8903	4681
8901	4680
8887	4679
8876	4678
8873	4677
8872	4676
8867	4675
8850	4674
8818	4673
8815	4672
8808	4671
8800	4670
8767	4669
8698	4668
8682	4667
8670	4666
8666	4665
8659	4664
8652	4663
8626	4662
8614	4661
8605	4660
8598	4659
8592	4657
8571	4656
8567	4655
8558	4654
8556	4653
8547	4652
8536	4651
8533	4650
8509	4649
8500	4648
8496	4647
8480	4646
8477	4645
8475	4644
8455	4643
8439	4642
8435	4641
8433	4640
8432	4639
8406	4638
8398	4637
8379	4636
8370	4635
8366	4634
8349	4633
8348	4632
8340	4631
8338	4630
8336	4629
8324	4628
8317	4627
8300	4626
8299	4625
8298	4624
8285	4623
8284	4622
8280	4621
8278	4620
8273	4619
8272	4618
8264	4617
8251	4616
8247	4615
8242	4614
8239	4613
8224	4612
8217	4611
8213	4610
8209	4609
8199	4608
8158	4607
8148	4606
8130	4603
8127	4602
8113	4601
8112	4600
8109	4599
8100	4598
8095	4597
8085	4596
7020	5482
8074	4595
2528	8987
8060	4594
8043	4593
8036	4592
8023	4591
7992	4590
7922	4589
7901	4588
7882	4587
7879	4586
7878	4585
7877	4584
7872	4583
7857	4581
7848	4580
7828	4579
7823	4578
7821	4577
7801	4576
7794	4575
7731	4574
7728	4573
7726	4572
7702	4571
7700	4570
7683	4569
7670	4568
7664	4567
7658	4566
33029	9834
7635	4565
7633	4564
7618	4563
7615	4562
7609	4561
7608	4560
7602	4559
7599	4558
7596	4557
7590	4556
7574	4555
7569	4554
7563	4553
7558	4552
7552	4551
7546	4550
7544	4549
7536	4548
7520	4547
7504	4546
7501	4545
7491	4544
7481	4543
7453	4542
7452	4541
7444	4540
7392	4539
7379	4538
7338	4537
7328	4536
7305	4535
7297	4534
7285	4533
7258	4532
7246	4531
7245	4530
7230	4529
7224	4528
7208	4527
7190	4526
7174	4525
7158	4524
7157	4523
7156	4522
7143	4521
7133	4520
7126	4519
7117	4518
7084	4517
7064	4516
7048	4515
7044	4514
7040	4513
7030	4512
7027	4511
7015	4510
7009	4509
6998	4508
6993	4507
6989	4506
6986	4505
6984	4504
6980	4503
6964	4502
6963	4501
6947	4500
6937	4499
6929	4498
6914	4497
6887	4496
6882	4495
6871	4494
6868	4493
6867	4492
6863	4491
6955	9359
6854	4490
6842	4489
6824	4488
6823	4487
6799	4486
6766	4485
6750	4484
6733	4483
6724	4482
6708	4481
6701	4480
6690	4479
6686	4478
6682	4477
6678	4476
6675	4475
6661	4474
6659	4473
6656	4472
6653	4471
6650	4470
6643	4469
6635	4468
6622	4467
6618	4466
6609	4465
8146	4605
6595	4464
6591	4463
6573	4462
6538	4461
6515	4460
6514	4459
6497	4458
6490	4457
6484	4456
6479	4455
6467	4454
6458	4453
6450	4452
6445	4451
6434	4450
6432	4449
6431	4448
6429	4447
6411	4446
6409	4445
6402	4444
6398	4443
6397	4442
6377	4441
6368	4440
6365	4439
6364	4438
6346	4437
6344	4436
6313	4435
6308	4434
6307	4433
6303	4432
6294	4431
6273	4430
6252	4429
6246	4428
6245	4427
6242	4426
6237	4425
6236	4424
6218	4423
6185	4422
6179	4421
6176	4420
6174	4419
6160	4418
6105	4417
6104	4416
6091	4415
6074	4414
6072	4413
6071	4412
6031	4411
6016	4410
6015	4409
6014	4408
5980	4407
5978	4406
5968	4405
5966	4404
5957	4403
5956	4402
5955	4401
5946	4400
5944	4399
5923	4397
5897	4396
5894	4395
5888	4394
5886	4393
5877	4392
5876	4391
5873	4390
5866	4389
5861	4388
5853	4387
5849	4386
4807	9213
5831	4385
5808	4384
5804	4383
5794	4382
1354	9639
5782	4381
5772	4380
5771	4379
5767	4378
5766	4377
5749	4376
5733	4375
5732	4374
5724	4373
5719	4372
5717	4371
5689	4370
5687	4369
5679	4368
5667	4367
5664	4366
5626	4365
5611	4364
5591	4363
5580	4362
5565	4361
5560	4360
5559	4359
5553	4358
5532	4357
5511	4356
5507	4355
5487	4354
5471	4353
5459	4352
5446	4351
5434	4350
5428	4349
5425	4348
5415	4347
5405	4346
5392	4345
5374	4344
5357	4343
5350	4342
5346	4341
5343	4340
5341	4339
5336	4338
5324	4337
5296	4336
5271	4335
5248	4333
5243	4332
5235	4331
5229	4330
5227	4329
5214	4328
5202	4327
5201	4326
5197	4325
5169	4324
5158	4323
5146	4322
5139	4321
5134	4320
5128	4319
5120	4318
5116	4317
5106	4316
5099	4315
5078	4314
5076	4313
5068	4312
5063	4311
5049	4310
5047	4309
5046	4308
5043	4307
5013	4306
5006	4305
4994	4303
4989	4302
4986	4301
4976	4300
4941	4299
4936	4298
4917	4297
4915	4296
4909	4295
4907	4294
4900	4293
4873	4292
4853	4291
4849	4290
4847	4289
4844	4288
4841	4287
4830	4286
4820	4285
4811	4284
4799	4283
4797	4282
4796	4281
4775	4280
4769	4279
4768	4278
4767	4277
4761	4276
4760	4275
4759	4274
4738	4273
4696	4272
4665	4271
4664	4270
4639	4269
4634	4268
4629	4267
4621	4266
4589	4265
4575	4264
4553	4263
4548	4262
4538	4261
4512	4260
4511	4259
4500	4258
4499	4257
4494	4256
4491	4255
4482	4254
4457	4253
4454	4252
4438	4251
4412	4250
4410	4249
4381	4248
4380	4247
4330	4246
4328	4245
4324	4244
4319	4243
4300	4242
4298	4241
4283	4240
4282	4239
4242	4238
4205	4237
4193	4236
4192	4235
4183	4234
4182	4233
4181	4232
4175	4231
4158	4230
4116	4229
4107	4228
4080	4227
4066	4226
4050	4225
4049	4224
4042	4223
4038	4222
4035	4221
4031	4220
4021	4219
4015	4218
3993	4217
3987	4216
3986	4215
3979	4214
3978	4213
3959	4212
3957	4211
3951	4210
3944	4209
3938	4208
3901	4207
3896	4206
3895	4205
3893	4204
3885	4203
3871	4202
3850	4201
7875	7680
3846	4200
3843	4199
3181	9060
3775	4198
3774	4197
3752	4196
3731	4195
3729	4194
3696	4193
3652	4192
3647	4191
3635	4190
3633	4189
3622	4188
3609	4187
3597	4186
3588	4185
3582	4184
3538	4183
3537	4182
3531	4181
3527	4180
3524	4179
3505	4178
3500	4177
3462	4176
3459	4175
3439	4174
3417	4173
3394	4171
3389	4170
3358	4169
3339	4168
3332	4167
3323	4166
3316	4165
3311	4164
3307	4163
3299	4162
3266	4161
3246	4160
3241	4159
3234	4158
3231	4157
3229	4156
3219	4155
3200	4154
3193	4153
3191	4152
3166	4151
3146	4150
3124	4149
3123	4148
3115	4147
3108	4146
3096	4145
3094	4144
3065	4143
3054	4142
3037	4141
3026	4140
3024	4139
3021	4138
3017	4137
3006	4136
2983	4135
2968	4134
2948	4133
2940	4132
2931	4131
2899	4130
2866	4129
2864	4128
2839	4127
2815	4126
2780	4125
2777	4124
2776	4123
2769	4122
2764	4121
2763	4120
2745	4119
2737	4118
2736	4117
2723	4116
2710	4115
2693	4114
2671	4113
2669	4112
2655	4111
2643	4110
2628	4109
2624	4108
2616	4107
2610	4106
2607	4105
2601	4104
2595	4103
2594	4102
2585	4101
2560	4100
2559	4099
2553	4098
2543	4097
2526	4096
2517	4095
2511	4094
2500	4093
2499	4092
2483	4091
2482	4090
2472	4089
2460	4088
2459	4087
2454	4086
2453	4085
2442	4084
2441	4083
2426	4082
2422	4081
2419	4080
2413	4079
2401	4078
2397	4077
2377	4076
2356	4075
2324	4074
2319	4073
5210	8358
2256	4072
2246	4071
2245	4070
2232	4069
2231	4068
2218	4067
2214	4066
2213	4065
2208	4064
2197	4063
2167	4062
2165	4061
2131	4060
2121	4059
2117	4058
2112	4057
6135	9305
2107	4056
2104	4055
2103	4054
2087	4053
2080	4052
2077	4051
2075	4050
2074	4049
2073	4048
2054	4047
2050	4046
2042	4045
2039	4044
2033	4043
2029	4042
2013	4041
2012	4040
2007	4039
1999	4038
1995	4037
1983	4036
1978	4035
1960	4034
1959	4033
1937	4032
1931	4031
1930	4030
6034	8438
1926	4029
1921	4028
1908	4027
1905	4026
1881	4024
1874	4023
1862	4022
1857	4021
1851	4020
1840	4019
1835	4018
1823	4017
1810	4016
1800	4015
1799	4014
1791	4013
1788	4012
1780	4011
1774	4010
1769	4009
1764	4008
1761	4007
1755	4006
1752	4005
1749	4004
1710	4003
1708	4002
1695	4001
1692	4000
1645	3999
1642	3998
1624	3997
1597	3996
1588	3995
1570	3994
1562	3993
1548	3992
1534	3991
1530	3990
1519	3989
1487	3988
1486	3987
1483	3986
1478	3985
1461	3984
1453	3983
1452	3982
1449	3981
1445	3980
1406	3979
1403	3978
1377	3977
1360	3976
1356	3975
1347	3974
1342	3973
1329	3972
1316	3971
1311	3970
1309	3969
1306	3968
1287	3967
1265	3966
1259	3965
1245	3964
1240	3963
1213	3962
1209	3961
1201	3960
1187	3959
1178	3958
1164	3957
1158	3956
1144	3955
1121	3954
1101	3953
1095	3952
1093	3951
1090	3950
1089	3949
1081	3948
1076	3947
1057	3946
1052	3945
1044	3944
1043	3943
1037	3942
1016	3941
1010	3940
1004	3939
1001	3938
9998	3937
9981	3936
9974	3935
9942	3934
9927	3933
9919	3932
9908	3931
9906	3930
9900	3929
9897	3928
9876	3927
9818	3926
9813	3925
9802	3924
9799	3923
9796	3922
9790	3921
9785	3920
9784	3919
9772	3918
9761	3917
9759	3916
9755	3915
9742	3914
9732	3913
9725	3912
9719	3911
9714	3910
9697	3909
9681	3908
9674	3907
9673	3906
9668	3905
9662	3904
9627	3903
9612	3902
9600	3901
9584	3900
9569	3899
9555	3898
9535	3897
9531	3896
9524	3895
9521	3894
9512	3893
9510	3892
9497	3891
9449	3890
9422	3889
9416	3888
9415	3887
9402	3886
9399	3885
9392	3884
9372	3883
9369	3882
9367	3881
9357	3880
9336	3879
9334	3878
9323	3877
9309	3876
9308	3875
9299	3874
9296	3873
9293	3872
9286	3871
9233	3870
9192	3869
9173	3868
9165	3867
9145	3866
9116	3865
9106	3864
9097	3863
9092	3862
9091	3861
9077	3860
9073	3859
9064	3858
9055	3857
9048	3856
1214	7932
9046	3855
9040	3854
9001	3853
8977	3852
8955	3851
8947	3850
8938	3849
8936	3848
8898	3847
8889	3846
8884	3845
8870	3844
8864	3843
8846	3842
8833	3841
8826	3840
8822	3839
8819	3838
8816	3837
8809	3836
8794	3835
8789	3834
8786	3833
8779	3832
8770	3831
8765	3830
8763	3829
8747	3828
8735	3827
8717	3826
8710	3825
8693	3824
8688	3823
8680	3822
8672	3821
8661	3820
8641	3819
8632	3818
8631	3817
8594	3816
8576	3815
8516	3814
8495	3813
8476	3812
8469	3811
8425	3810
8414	3809
5977	7474
8412	3808
8408	3807
8401	3806
8394	3805
8387	3804
8371	3803
8363	3802
8361	3801
8276	3800
8216	3799
8201	3798
8185	3797
8181	3796
8152	3795
8114	3794
8084	3793
8055	3792
8046	3791
8029	3790
8004	3789
7996	3788
7989	3787
7988	3786
7972	3785
7969	3784
7945	3783
7942	3782
7936	3781
7929	3780
7918	3779
7910	3778
7905	3777
7898	3776
7891	3775
7888	3774
7885	3773
7874	3772
7854	3771
7852	3770
7851	3769
7849	3768
7842	3767
7820	3766
7798	3765
7784	3764
7778	3763
7769	3762
7767	3761
7746	3760
7724	3759
7719	3758
7717	3757
7676	3755
7668	3754
7656	3753
7634	3752
7627	3751
7593	3750
7573	3749
7570	3748
7560	3747
7510	3746
7494	3745
7483	3744
7471	3743
7463	3742
7442	3741
7440	3740
7437	3739
7430	3738
7405	3737
7394	3736
7388	3735
7341	3734
7333	3733
7278	3732
7269	3731
7263	3730
7261	3729
7256	3728
7255	3727
7253	3726
7228	3725
7220	3724
7212	3723
7196	3722
7194	3721
7189	3720
7178	3719
7167	3718
7153	3717
7148	3716
7138	3715
7111	3714
7063	3713
7054	3712
7042	3711
3922	9137
7029	3710
7028	3709
7016	3708
7008	3707
7007	3706
7001	3705
6957	3704
6956	3703
6935	3702
6910	3701
6905	3699
6895	3698
6890	3697
6886	3696
6876	3695
6874	3694
6855	3693
6833	3692
6827	3691
6812	3690
6806	3689
6787	3688
6779	3687
6770	3686
6761	3685
6742	3684
6737	3683
6730	3682
6715	3681
6711	3680
6703	3679
6695	3678
6670	3677
6588	3676
6586	3675
6564	3674
6655	9342
6555	3673
6522	3672
6486	3671
6461	3670
6446	3669
6438	3668
6427	3667
6422	3666
6394	3665
6386	3664
6382	3663
6355	3662
6350	3661
6340	3660
6322	3659
6301	3658
6266	3657
6253	3656
6235	3655
6232	3654
6223	3653
6207	3652
6205	3651
6198	3650
6190	3649
6141	3648
6111	3647
6108	3646
6100	3645
6093	3644
6087	3643
6078	3642
6067	3641
6065	3640
6064	3639
5997	3638
5996	3637
5988	3636
5975	3635
5965	3634
5960	3633
5940	3632
5932	3631
5930	3630
5924	3629
8999	4691
5911	3628
5902	3627
5882	3626
5881	3625
5854	3624
5850	3623
5837	3622
5798	3621
5765	3620
5757	3619
5741	3618
5716	3617
5700	3616
5693	3615
5673	3614
5665	3613
5656	3612
5648	3611
5642	3610
5628	3609
5618	3608
5583	3607
5551	3606
5547	3605
5546	3604
5540	3603
5528	3602
5524	3601
5517	3600
5514	3599
5497	3598
5478	3597
5464	3596
5438	3595
5431	3594
5419	3593
5412	3592
5408	3591
5406	3590
5403	3589
5375	3588
5372	3587
5366	3586
5344	3585
5327	3584
5317	3583
5312	3582
5274	3581
5269	3580
5267	3579
5265	3578
5259	3577
5239	3576
5231	3575
5218	3574
5212	3573
15262	9650
5198	3572
5176	3571
5172	3570
5154	3569
5142	3568
5137	3567
5132	3566
5101	3565
5100	3564
5096	3563
5071	3562
5066	3561
5057	3560
5030	3559
5017	3558
4992	3557
4991	3556
4984	3555
4974	3554
4973	3553
4972	3552
4965	3551
4940	3550
4931	3549
4928	3548
4926	3547
4925	3546
4920	3545
4919	3544
4899	3543
4858	3542
4835	3541
4829	3540
4823	3539
4821	3538
4808	3537
4803	3536
4792	3535
4791	3534
4789	3533
4787	3532
4779	3531
4754	3530
4751	3529
4745	3528
4716	3527
4712	3526
4692	3525
4685	3524
4682	3523
4635	3522
4622	3521
4617	3520
4616	3519
4613	3518
4612	3517
4595	3516
4581	3515
4567	3514
4560	3513
4534	3512
4523	3511
4514	3510
4506	3509
4480	3508
4476	3507
4470	3506
4439	3505
4413	3504
4408	3503
4393	3502
4386	3501
4377	3500
4376	3499
4374	3498
4373	3497
4371	3496
4363	3495
4358	3494
4337	3493
4335	3492
4327	3491
4321	3490
4318	3489
4307	3488
4288	3487
4287	3486
4264	3485
4244	3484
4228	3483
4220	3482
4215	3481
4204	3480
4202	3479
4172	3478
4168	3477
4163	3476
4151	3475
4145	3474
4123	3473
4120	3472
4112	3471
4102	3470
4087	3469
4079	3468
4078	3467
4069	3466
4058	3465
1431	6939
4056	3464
4052	3463
4046	3462
4039	3461
4034	3460
4014	3459
4010	3458
4000	3457
3995	3456
3991	3455
3977	3454
3975	3453
3974	3452
3970	3451
3956	3450
3886	3449
3849	3448
3847	3447
3817	3446
3808	3445
3807	3444
3799	3443
3795	3442
3794	3441
3776	3440
3768	3439
3756	3438
3726	3437
3708	3436
3703	3435
3702	3434
3700	3433
3644	3432
3641	3431
3627	3430
3626	3429
3621	3428
3618	3427
3615	3426
3612	3425
3611	3424
3591	3423
3590	3422
3586	3421
3578	3420
3568	3419
3557	3418
3547	3417
3530	3416
3525	3415
3517	3414
3491	3413
3490	3412
3489	3411
3457	3410
3449	3409
3447	3408
3446	3407
3433	3406
3425	3405
3409	3404
3408	3403
3373	3402
3369	3401
3366	3400
3365	3399
3364	3398
3349	3397
3342	3396
3320	3395
3318	3394
1649	5884
3314	3393
3305	3392
3304	3391
3294	3390
3293	3389
3290	3388
3284	3387
3283	3386
3276	3385
3271	3384
3253	3383
3250	3382
3243	3381
3223	3380
4875	6271
3221	3379
3217	3378
3202	3377
3180	3376
3175	3375
3174	3374
3173	3373
3141	3372
3126	3371
3118	3370
3092	3369
3077	3367
3068	3366
3042	3365
3007	3364
2989	3363
2973	3362
2970	3361
2967	3360
2961	3359
2912	3358
2895	3357
2883	3356
2870	3355
2861	3354
2843	3353
2831	3352
2823	3351
2816	3350
2814	3349
2812	3348
2809	3347
2801	3346
2799	3345
2798	3344
2787	3343
2768	3342
2732	3341
2728	3340
2705	3339
2700	3338
2664	3337
2622	3336
2587	3335
2574	3334
2556	3333
2542	3332
2535	3331
2534	3330
2501	3329
2493	3328
9210	8768
2478	3327
2470	3326
2433	3325
2431	3324
2425	3323
2414	3322
2398	3321
2391	3320
2382	3319
2378	3318
2345	3317
2306	3316
2299	3315
2296	3314
2291	3313
2271	3312
2249	3311
2227	3310
2204	3309
2200	3308
2195	3307
2190	3306
2183	3305
2152	3304
2151	3303
2150	3302
2148	3301
2137	3300
2135	3299
2134	3298
2132	3297
2128	3296
2106	3295
2098	3294
2045	3293
2026	3292
2021	3291
20000	3290
2000	3289
4809	9214
1990	3288
1982	3287
1639	7971
1968	3286
1947	3285
1924	3284
1915	3283
1906	3282
1904	3281
1898	3280
1876	3279
1868	3278
1859	3277
1834	3276
1821	3275
1820	3274
1806	3273
1753	3271
1745	3269
7868	4582
1737	3268
1720	3267
1717	3266
1669	3265
1605	3264
1595	3263
1593	3262
1574	3261
1557	3260
1553	3259
1526	3258
1522	3257
1516	3256
1493	3255
1488	3254
1485	3253
1480	3252
1470	3251
1456	3250
1450	3249
1418	3248
1414	3247
1409	3246
1401	3245
1397	3244
1388	3243
1365	3242
1362	3241
1343	3240
1336	3239
1331	3238
1321	3237
5572	8392
1304	3236
1280	3235
1277	3234
1272	3233
1266	3232
1241	3231
1232	3230
1230	3229
1203	3228
1189	3226
1171	3225
1169	3224
1162	3223
1138	3222
1132	3221
1129	3220
1127	3219
1114	3218
1109	3217
1107	3216
1080	3215
1053	3214
1049	3213
1035	3212
1009	3211
1000	3210
'Switzerland'	3209
'Sweden'	3208
'Suriname'	3207
'Sudan'	3206
'St. Vincent and the Grenadines'	3205
'St. Pierre and Miquelon'	3204
'St. Lucia'	3203
'St. Kitts and Nevis'	3202
'St. Helena'	3201
'Sri Lanka'	3200
'Spain'	3199
'South Sudan'	3198
'South Korea'	3197
'South Africa'	3196
'Somalia'	3195
'Solomon Islands'	3194
'Slovenia'	3193
'Slovakia'	3192
'Singapore'	3191
'Sierra Leone'	3190
'Seychelles'	3189
'Serbia'	3188
'Senegal'	3187
'Saudi Arabia'	3186
'Sao Tome and Principe'	3185
'Samoa'	3184
'Rwanda'	3183
'Russia'	3182
'Romania'	3181
'Reunion'	3180
'Qatar'	3179
'Puerto Rico'	3178
'Portugal'	3177
'Poland'	3176
'Philippines'	3175
'Peru'	3174
'Paraguay'	3173
3125	7150
'Papua New Guinea'	3172
'Panama'	3171
'Palestine'	3170
'Palau'	3169
'Pakistan'	3168
'Oman'	3167
'Norway'	3166
'Northern Mariana Islands'	3165
'North Korea'	3164
'Norfolk Island'	3163
'Niue'	3162
'Nigeria'	3161
'Niger'	3160
'Nicaragua'	3159
'New Zealand'	3158
'New Caledonia'	3157
'Netherlands'	3156
'Netherlands Antilles'	3155
'Nepal'	3154
'Nauru'	3153
'Namibia'	3152
'Myanmar'	3151
'Mozambique'	3150
'Morocco'	3149
'Montserrat'	3148
'Montenegro'	3147
'Mongolia'	3146
'Moldova'	3145
'Micronesia, Fed. Sts.'	3144
'Mexico'	3143
'Mayotte'	3142
'Mauritius'	3141
'Mauritania'	3140
'Marshall Islands'	3138
'Malta'	3137
'Mali'	3136
'Maldives'	3135
'Malaysia'	3134
'Malawi'	3133
'Madagascar'	3132
'Macedonia'	3131
'Macao'	3130
'Luxembourg'	3129
'Lithuania'	3128
'Libya'	3127
'Liberia'	3126
'Lesotho'	3125
'Lebanon'	3124
'Latvia'	3123
'Laos'	3122
'Kyrgyz Republic'	3121
'Kuwait'	3120
'Kiribati'	3119
'Kenya'	3118
'Kazakhstan'	3117
'Jordan'	3116
'Jersey'	3115
'Japan'	3114
'Jamaica'	3113
'Ivoire'	3112
'Italy'	3111
'Israel'	3110
'Isle of Man'	3109
'Ireland'	3108
'Iraq'	3107
'Iran'	3106
'Indonesia'	3105
1900	4025
'India'	3104
'Iceland'	3103
'Hungary'	3102
'Hong Kong'	3101
'Honduras'	3100
'Haiti'	3099
'Guyana'	3098
'Guinea-Bissau'	3097
'Guinea'	3096
7145	5504
'Guernsey'	3095
4495	5185
'Guatemala'	3094
'Guam'	3093
'Guadeloupe'	3092
'Grenada'	3091
'Greenland'	3090
'Greece'	3089
'Gibraltar'	3088
'Ghana'	3087
'Germany'	3086
'Georgia'	3085
'Gambia'	3084
'Gabon'	3083
'French Polynesia'	3082
'French Guiana'	3081
'France'	3080
'Finland'	3079
'Fiji'	3078
'Faroe Islands'	3077
'Falkland Islands'	3076
'Ethiopia'	3075
'Eswatini'	3074
'Estonia'	3073
9508	4734
'Eritrea'	3072
'Equatorial Guinea'	3071
'El Salvador'	3070
'Egypt'	3069
'Ecuador'	3068
'Dominican Republic'	3067
'Dominica'	3066
'Djibouti'	3065
'Denmark'	3064
'Czech Republic'	3063
'Cyprus'	3062
'Cuba'	3061
'Croatia'	3060
'Cote d'	3059
'Costa Rica'	3058
'Cook Islands'	3057
'Congo Republic'	3056
'Comoros'	3055
'Colombia'	3054
'Cocos (Keeling) Islands'	3053
'Christmas Island'	3052
5109	9239
'China'	3051
'Chile'	3050
'Chad'	3049
'Central African Republic'	3048
'Cayman Islands'	3047
'Canada'	3046
'Cameroon'	3045
'Cambodia'	3044
'Cabo Verde'	3043
'Burundi'	3042
'Burkina Faso'	3041
'Bulgaria'	3040
3079	6062
'Brunei Darussalam'	3039
'British Virgin Islands'	3038
'British Indian Ocean Territory'	3037
'Brazil'	3036
'Botswana'	3035
9711	4756
'Bosnia and Herzegovina'	3034
'Bolivia'	3033
'Bhutan'	3032
'Bermuda'	3031
'Belize'	3030
'Belgium'	3029
'Belarus'	3028
'Barbados'	3027
'Bangladesh'	3026
'Bahrain'	3025
'Bahamas'	3024
'Azerbaijan'	3023
'Austria'	3022
'Australia'	3021
'Aruba'	3020
'Argentina'	3019
'Antigua and Barbuda'	3018
'Antarctica'	3017
'Anguilla'	3016
'American Samoa'	3015
'Algeria'	3014
'Albania'	3013
'Afghanistan'	3012
9997	3011
8595	4658
9965	3010
9957	3009
9956	3008
9943	3007
9933	3006
9895	3005
9872	3004
9849	3003
1193	3227
9845	3002
9829	3001
9230	7830
9815	3000
9798	2999
9783	2998
9773	2997
9768	2996
9740	2995
9724	2994
9708	2993
9688	2992
9672	2991
9669	2990
9656	2989
9655	2988
9644	2987
9625	2986
9616	2985
9609	2984
9605	2983
9595	2982
9594	2981
9588	2980
9568	2979
9567	2978
9566	2977
9563	2976
9562	2975
9549	2974
9548	2973
9534	2972
9526	2971
9513	2970
9470	2969
9468	2968
9456	2967
9452	2966
9438	2965
9428	2964
9393	2963
9389	2962
9388	2961
9385	2960
9354	2959
9326	2958
9321	2957
8040	8623
9306	2956
9301	2955
9297	2954
9246	2953
9225	2952
9134	2951
9127	2950
9124	2949
9095	2948
9071	2947
9051	2946
9045	2945
9024	2944
9004	2943
8996	2942
8983	2941
8957	2940
8954	2939
8945	2938
8897	2937
8888	2936
8166	5613
8863	2935
8842	2934
8837	2933
8831	2932
8824	2931
8785	2930
8781	2929
8776	2928
8758	2927
8739	2926
8708	2925
8704	2924
8702	2923
8673	2922
8671	2921
8628	2920
8591	2919
8581	2918
8546	2917
8510	2916
8505	2915
8471	2914
8467	2913
8442	2912
8434	2911
8426	2910
8421	2909
8411	2908
8402	2907
8382	2906
8369	2905
8321	2904
8316	2903
8271	2902
8241	2901
8228	2900
8227	2899
8220	2898
8178	2897
8159	2896
8147	2895
8138	2894
8134	2893
8129	2892
8093	2891
8092	2890
8045	2889
8028	2888
8026	2887
7965	2886
7961	2885
7947	2884
7940	2883
7935	2882
7926	2881
7925	2880
7924	2879
7917	2878
7912	2877
7869	2876
7840	2875
7829	2874
7819	2873
7812	2872
7787	2871
7782	2870
7774	2869
7758	2868
7729	2867
7721	2866
7691	2865
7689	2864
7688	2863
7684	2862
7669	2861
7626	2860
7623	2859
7591	2858
7527	2857
7514	2856
7475	2854
7474	2853
7468	2852
7461	2851
7458	2850
7434	2849
7387	2848
7386	2847
7378	2846
7373	2845
7366	2844
7359	2843
7336	2842
7332	2841
7331	2840
7329	2839
7293	2838
7292	2837
7287	2836
7282	2835
7274	2834
7254	2833
7248	2832
7235	2831
7234	2830
7215	2829
7207	2828
7187	2827
7146	2826
7140	2825
7118	2824
7101	2823
7088	2822
7077	2821
7073	2820
7066	2819
7041	2817
7038	2816
6958	2815
6952	2814
6946	2813
6942	2812
6924	2811
6912	2810
6896	2809
6892	2808
6861	2807
6825	2806
6760	2805
6747	2804
6735	2803
6705	2802
6704	2801
6696	2800
6627	2799
6608	2798
6606	2797
6604	2796
6603	2795
6599	2794
6582	2793
6567	2792
6562	2791
6557	2790
6554	2789
6553	2788
4361	5171
6492	2787
6488	2786
6487	2785
6483	2784
6478	2783
6476	2782
6463	2781
6441	2780
6436	2779
6433	2778
6426	2777
6425	2776
6421	2775
6342	2774
6336	2773
6319	2772
6318	2771
6293	2770
6278	2769
6250	2768
6204	2767
6203	2766
6202	2765
6169	2764
6158	2763
6099	2762
6095	2761
6090	2760
6083	2759
6068	2758
6055	2757
6043	2756
6035	2755
6017	2754
6002	2753
5962	2752
5961	2751
5952	2750
5920	2749
5918	2748
5892	2747
5885	2746
5872	2745
5838	2744
5835	2743
5829	2742
5813	2741
5811	2740
5788	2739
5758	2738
5750	2737
5746	2736
5745	2735
5742	2734
5737	2733
5723	2732
5707	2731
5682	2730
5660	2729
5624	2728
5617	2727
5606	2726
5604	2725
5595	2724
5592	2723
5568	2722
5561	2721
5538	2720
5529	2719
5500	2718
5496	2717
5488	2716
5476	2715
5467	2714
5453	2713
5439	2712
5399	2711
5378	2710
5358	2709
5353	2708
5306	2707
5285	2706
5282	2705
5237	2704
5224	2703
5211	2702
5125	2701
5088	2700
5080	2699
5028	2698
5019	2697
4981	2696
4969	2695
4954	2694
4943	2693
4942	2692
4898	2691
4894	2690
4879	2689
4876	2688
4828	2687
4812	2686
4757	2685
4734	2684
4718	2683
4702	2682
4678	2681
4674	2680
4672	2679
4669	2678
4666	2677
4662	2676
4660	2675
4584	2674
4568	2673
4566	2672
4542	2671
4532	2670
4521	2669
4475	2668
4446	2667
4405	2666
4400	2665
4399	2664
4369	2663
2533	8064
4365	2662
4359	2661
4357	2660
4353	2659
4336	2658
4279	2657
4277	2656
4272	2655
4269	2654
4251	2653
4248	2652
4241	2651
4235	2650
4222	2649
4132	2648
4106	2647
4104	2646
4098	2645
4094	2644
4074	2643
4061	2642
4057	2641
4017	2640
4007	2639
4005	2638
3992	2637
3963	2636
3928	2635
3906	2634
3903	2633
3891	2632
3881	2631
3858	2630
3851	2629
3838	2628
3837	2627
3835	2626
3829	2625
3820	2624
3803	2623
3802	2622
3790	2621
3769	2620
3741	2619
3735	2618
3706	2617
3676	2616
3672	2615
3625	2614
3620	2613
3610	2612
3596	2611
3556	2610
3543	2609
3504	2608
3497	2607
3486	2606
3469	2605
3422	2604
3420	2603
3414	2602
3399	2601
3398	2600
3390	2599
3384	2598
3356	2597
3354	2596
3345	2595
3310	2594
3303	2593
3282	2592
3256	2591
3252	2590
3247	2589
3227	2588
3207	2587
3178	2586
3147	2585
3144	2584
3130	2583
3120	2582
3107	2581
3090	2580
3087	2579
3078	2578
3075	2577
3074	2576
3066	2575
3039	2574
3001	2573
2988	2572
2984	2571
2977	2570
2960	2569
2942	2568
2932	2567
9766	7884
2896	2566
2884	2565
2872	2564
2871	2563
2865	2562
2857	2561
2830	2560
2822	2559
2782	2558
2741	2557
2716	2556
2715	2555
2697	2554
2677	2553
2665	2552
2639	2551
2635	2550
2586	2549
2555	2548
2548	2547
2547	2546
2545	2545
2536	2544
2430	2543
2393	2542
2358	2541
2346	2540
2332	2539
2322	2538
2297	2537
2288	2536
2282	2535
2262	2534
2241	2533
2221	2532
2211	2531
2209	2530
2162	2529
2143	2528
2123	2527
2110	2526
2094	2525
2090	2524
2078	2523
2058	2522
2028	2521
1992	2520
1991	2519
1953	2518
1909	2517
1890	2516
1850	2515
1748	2514
1731	2513
1689	2512
1688	2511
1686	2510
1685	2509
1670	2508
1647	2507
1629	2506
1561	2505
1533	2504
1518	2503
1517	2502
1477	2501
1464	2500
1448	2499
1404	2498
6906	3700
1389	2497
1364	2496
1358	2495
1334	2494
1315	2493
1300	2492
1263	2491
1257	2490
1224	2489
12000	2488
1188	2487
1180	2486
1174	2485
1149	2484
1133	2483
4592	7315
1116	2482
1096	2481
4444	5177
1087	2480
1071	2479
1065	2478
1060	2477
1050	2476
1026	2475
1025	2474
1024	2473
1013	2472
1003	2471
9991	2470
9929	2469
9893	2468
9889	2467
9883	2466
9867	2465
9858	2464
9817	2463
9770	2462
9764	2461
9746	2460
9733	2459
9712	2458
9613	2457
9611	2456
9590	2455
9583	2454
9538	2453
9536	2452
9527	2451
9483	2450
4854	6265
9477	2449
9450	2448
9437	2447
9421	2446
9411	2445
9377	2444
9351	2443
9347	2442
9331	2441
9312	2440
9268	2438
9255	2437
9202	2436
9152	2435
9112	2434
9107	2433
9100	2432
9075	2431
9070	2430
9047	2429
9043	2428
9042	2427
9029	2426
8986	2425
8934	2424
8925	2423
8917	2422
8915	2421
8886	2420
8883	2419
8823	2418
8821	2417
8812	2416
8804	2415
8777	2414
8748	2413
8744	2412
8729	2411
8727	2410
8669	2409
8657	2408
8609	2407
8566	2406
8497	2405
8494	2404
8419	2403
8413	2402
8383	2401
8346	2400
8345	2399
8339	2398
8332	2397
8288	2396
8277	2395
8269	2394
8240	2393
8236	2392
8226	2391
8183	2390
8176	2389
8173	2388
8124	2387
8122	2386
8121	2385
8120	2384
8061	2383
8059	2382
8056	2381
8024	2380
8015	2379
7983	2378
7906	2377
7895	2376
7893	2375
7866	2374
7845	2373
7830	2372
7825	2371
7759	2370
7743	2369
7716	2368
7710	2367
7696	2366
7690	2365
7611	2364
7597	2363
7577	2362
7566	2361
7525	2360
7519	2359
7506	2358
7505	2357
7480	2356
7446	2355
7431	2354
7701	3756
7418	2353
7417	2352
7404	2351
7402	2350
7390	2349
7389	2348
7370	2347
7365	2346
7354	2345
7340	2344
7315	2343
7307	2342
7280	2341
7279	2340
7267	2339
7265	2338
7231	2337
7173	2336
7171	2335
7144	2334
7135	2333
7131	2332
7122	2331
7104	2330
7093	2329
7092	2328
7019	2327
6987	2326
6930	2325
6884	2324
6875	2323
6856	2322
6771	2321
6769	2320
6756	2319
6753	2318
6749	2317
6734	2316
6668	2315
6665	2314
6642	2313
6637	2312
6596	2311
6583	2310
6575	2309
6565	2308
6551	2307
6525	2306
6523	2305
6489	2304
6482	2303
6474	2302
6472	2301
6471	2300
6453	2299
6393	2298
6391	2297
6360	2296
6271	2295
6267	2294
6211	2293
6139	2292
6128	2291
6125	2290
6106	2289
6022	2288
5998	2287
5958	2286
5301	8368
5947	2285
5899	2284
5890	2283
5787	2282
5785	2281
5784	2280
5727	2279
5691	2278
5640	2277
5621	2276
5566	2275
5562	2274
5542	2273
5510	2272
5477	2271
5440	2270
5417	2269
5414	2268
5354	2267
5337	2266
5330	2265
5293	2264
5284	2263
5204	2262
5173	2261
5126	2260
5107	2259
5081	2258
50000	2257
4997	2256
4962	2255
4958	2254
4951	2253
4945	2252
4944	2251
4912	2250
4825	2249
4824	2248
4819	2247
4806	2246
4786	2245
4778	2244
4733	2243
4700	2242
4645	2241
4636	2240
4620	2239
4606	2238
4600	2237
4585	2235
4544	2234
4465	2233
4456	2232
4452	2231
4407	2230
4384	2229
4378	2228
4351	2227
4332	2226
4315	2225
4286	2224
4261	2223
4259	2222
4246	2221
4233	2220
4216	2219
4153	2218
4149	2217
4126	2216
4103	2215
4100	2214
4099	2213
4091	2212
4085	2211
4006	2210
3999	2209
3937	2208
3933	2207
3929	2206
3925	2205
3800	2204
3797	2203
3777	2202
3770	2201
3740	2200
3724	2199
3686	2198
3674	2197
3664	2196
3601	2195
3587	2194
3575	2193
3492	2191
3480	2190
3471	2189
3448	2188
3407	2187
3386	2186
3376	2185
3359	2184
3347	2183
3322	2182
3295	2181
3274	2180
3235	2179
3225	2178
3215	2177
3198	2176
1596	6964
3192	2175
3149	2174
3142	2173
3097	2172
3085	2171
3052	2170
3035	2169
3023	2168
2972	2167
2919	2166
2916	2165
2908	2164
2882	2163
2878	2162
2874	2161
2859	2160
2856	2159
2844	2158
2767	2157
2760	2156
2698	2155
2684	2154
2649	2153
2627	2152
2626	2151
2604	2150
2578	2149
2572	2148
2552	2147
2524	2146
2468	2145
2427	2144
2384	2143
2374	2142
2363	2141
2300	2140
2248	2139
2242	2138
2219	2137
2217	2136
2181	2135
2174	2134
2164	2133
2155	2132
2146	2131
2095	2130
2088	2129
2061	2128
2056	2127
2055	2126
20474	2125
2030	2124
1975	2123
1973	2122
1970	2121
1936	2120
1927	2119
1919	2118
1853	2117
1829	2116
1825	2115
1817	2114
1738	2113
1696	2112
1694	2111
1658	2110
1601	2109
1592	2108
1585	2107
33341	9838
1559	2106
1529	2105
1525	2104
1503	2103
1474	2102
1430	2101
1429	2100
1426	2099
1421	2098
7237	5516
1387	2097
1352	2096
1312	2095
1307	2094
1303	2093
1279	2092
1255	2091
1244	2090
1198	2089
1184	2088
1176	2087
1156	2086
1142	2085
1135	2084
1105	2083
1088	2082
1086	2081
1085	2080
1077	2079
9982	2078
9973	2077
9970	2076
9944	2075
9940	2074
9921	2073
9912	2072
9856	2071
9850	2070
9840	2069
9833	2068
9793	2067
9756	2066
9743	2065
9637	2064
9618	2063
9601	2062
9561	2061
9504	2060
9408	2059
9350	2058
9346	2057
9341	2056
9319	2055
9283	2054
9253	2053
9199	2052
9157	2051
9053	2050
9025	2049
3522	2192
8951	2048
8752	2047
8740	2046
8733	2045
8718	2044
8694	2043
8612	2042
8552	2041
8550	2040
8549	2039
8534	2038
8523	2037
8517	2036
8453	2035
8416	2034
8415	2033
8376	2032
8325	2031
8315	2030
8256	2029
8218	2028
8210	2027
8177	2026
8150	2025
8144	2024
8094	2023
8020	2022
8002	2021
7964	2020
7927	2019
7915	2018
7897	2017
7892	2016
7838	2015
7777	2014
7766	2013
7751	2012
7725	2011
7711	2010
7687	2009
7686	2008
7681	2007
7639	2006
7605	2005
7600	2004
7561	2003
7482	2002
7423	2001
7406	2000
7401	1999
7294	1998
7281	1997
7250	1996
7249	1995
7247	1994
7218	1993
7206	1992
7202	1991
7191	1990
7120	1989
7102	1988
7033	1987
6811	1986
6772	1985
6762	1984
6741	1983
6732	1982
6710	1981
6689	1980
6688	1979
6680	1978
6645	1977
6620	1976
6619	1975
6613	1974
6585	1973
6521	1972
6498	1971
6473	1970
6466	1969
6387	1968
6314	1967
6309	1966
6300	1965
6281	1964
6279	1963
6277	1962
6210	1961
6188	1960
6134	1959
3866	7234
6085	1958
6039	1957
6004	1956
5995	1955
5985	1954
5971	1953
5891	1952
5880	1951
5821	1950
5755	1949
5754	1948
5720	1947
5681	1946
3406	4172
5649	1945
5633	1944
5502	1943
5498	1942
5463	1941
5462	1940
5443	1939
5939	4398
5420	1938
5400	1937
5302	1936
5252	1935
5226	1934
5205	1933
5196	1932
5184	1931
5143	1930
5127	1929
5058	1928
5056	1927
5016	1926
5012	1925
5009	1924
5001	1923
4952	1922
4863	1921
4816	1920
4805	1919
4764	1918
4721	1917
4701	1916
4679	1915
4677	1914
4657	1913
4590	1912
4559	1911
4528	1910
4509	1909
4497	1908
4461	1907
4449	1906
4423	1905
4409	1904
4383	1903
4362	1902
4267	1901
4234	1900
4219	1899
4143	1898
4137	1897
4118	1896
4117	1895
4110	1894
4026	1893
3949	1892
3913	1891
3876	1890
3855	1889
3824	1888
3821	1887
3749	1886
3704	1885
3687	1884
3646	1883
3638	1882
3484	1881
3477	1880
3438	1879
3435	1878
3428	1877
3330	1876
3317	1875
3265	1874
3258	1873
3245	1872
9582	5761
3129	1871
3103	1870
3102	1869
3056	1868
2950	1867
2930	1866
2894	1865
2889	1864
2888	1863
2876	1862
2828	1861
2759	1860
2756	1859
2720	1858
2692	1857
2642	1856
8584	5655
2612	1855
2602	1854
2593	1853
2571	1852
3441	6104
2566	1851
2515	1850
2462	1849
2399	1848
2353	1847
2328	1846
2285	1845
2234	1844
2189	1843
2166	1842
2122	1841
2119	1840
2052	1839
2048	1838
2041	1837
2035	1836
2002	1835
9874	6881
1986	1834
1985	1833
1950	1832
1946	1831
1877	1830
1854	1829
1706	1828
1671	1827
1655	1826
1641	1825
1632	1824
1618	1823
1617	1822
1610	1821
1528	1820
1514	1819
1437	1818
1434	1817
1394	1816
1383	1815
1333	1814
1330	1813
1256	1812
1155	1811
1119	1810
1112	1809
1019	1808
9980	1807
9948	1806
9832	1805
9654	1804
9647	1803
9592	1802
9579	1801
9492	1800
9441	1799
9435	1798
9396	1797
9394	1796
9294	1795
9275	1794
9201	1793
9190	1792
9102	1791
9094	1790
9065	1789
9052	1788
9033	1787
8935	8727
9026	1786
9011	1785
8920	1784
8862	1783
8851	1782
8709	1781
8610	1780
8437	1779
8352	1778
8261	1777
8215	1776
8208	1775
8192	1774
8009	1773
7985	1772
7921	1771
7762	1770
7750	1769
7714	1768
7672	1767
7646	1766
7565	1765
7511	1764
7448	1763
7428	1762
7416	1761
7383	1760
7364	1759
7343	1758
7337	1757
7318	1756
7221	1755
7043	1754
6999	1753
6918	1752
6852	1751
1455	9647
6767	1750
6745	1749
6683	1748
6470	1747
6468	1746
6406	1745
6371	1744
6343	1743
6283	1742
6196	1741
6195	1740
6123	1739
6088	1738
6086	1737
6066	1736
5964	1735
5943	1734
5915	1733
5848	1732
5789	1731
5584	1730
5530	1729
5416	1728
5362	1727
5339	1726
5334	1725
5286	1724
5162	1723
5086	1722
5084	1721
5061	1720
5042	1719
4906	1718
4810	1717
4788	1716
4647	1715
4587	1714
4583	1713
4472	1712
4397	1711
4329	1710
4320	1709
4250	1708
4165	1707
3833	1706
3750	1705
3699	1704
3528	1703
3498	1702
3456	1701
3401	1700
3357	1699
3300	1698
3133	1697
4341	6209
3033	1696
3032	1695
2926	1694
2920	1693
2898	1692
2851	1691
2807	1690
2711	1689
2674	1688
2563	1687
2450	1686
2336	1685
2293	1684
2220	1683
2089	1682
1956	1681
1938	1680
1932	1679
1929	1678
7567	6583
1871	1677
1870	1676
1841	1675
1792	1674
1789	1673
1760	1672
1699	1671
1646	1670
1546	1669
1541	1668
1510	1667
1443	1666
1416	1665
1411	1664
1381	1663
1374	1662
1332	1661
1271	1660
1253	1659
1092	1658
9913	1657
9886	1656
9864	1655
9658	1654
8847	8714
9610	1653
9537	1652
9469	1651
9406	1650
8107	5604
9185	1649
3088	3368
9131	1648
8586	1647
8585	1646
8573	1645
8457	1644
8430	1643
8423	1642
8304	1641
8279	1640
8257	1639
8243	1638
8233	1637
8207	1636
7950	1635
7786	1634
7617	1633
7467	1632
7262	1631
7195	1630
7160	1629
7121	1628
7076	1627
7012	1626
6943	1625
6911	1624
6807	1623
6754	1622
6456	1621
6415	1620
6369	1619
6299	1618
6191	1617
6057	1616
5933	1615
5931	1614
5889	1613
5635	1611
5352	1610
5322	1609
5234	1608
5222	1607
5192	1606
4985	1605
4953	1604
4946	1603
4938	1602
4740	1601
4720	1600
4626	1599
4354	1598
4280	1597
4199	1596
1756	3272
3990	1595
3930	1594
3844	1593
3785	1592
3563	1591
3534	1590
3312	1589
3011	1588
2933	1587
2836	1586
2702	1585
2592	1584
2466	1583
2416	1582
2390	1581
2368	1580
2273	1579
2092	1578
2038	1577
1662	1576
1578	1575
1473	1574
1428	1573
1339	1572
1290	1571
1143	1570
1108	1569
9751	1568
9023	1567
8856	1566
8813	1565
8796	1564
8757	1563
8487	1562
8320	1561
7948	1560
7470	1559
6990	1558
6794	1557
6719	1556
6718	1555
6672	1554
6164	1553
6053	1552
5820	1551
5658	1550
5585	1549
5555	1548
5430	1547
5398	1546
5279	1545
5200	1544
4726	1543
4609	1542
3822	1541
3798	1540
3473	1539
3382	1538
3046	1537
2752	1536
2679	1535
2651	1534
2645	1533
2464	1532
2357	1531
1869	1530
1828	1529
1626	1528
1598	1527
1469	1526
1399	1525
1191	1524
1130	1523
1111	1522
ilike	1521
9670	1520
9657	1519
9565	1518
9383	1517
8745	1516
8128	1515
8117	1514
7790	1513
7752	1512
'Martinique'	3139
7528	1511
7477	1510
7123	1509
5622	1508
5469	1507
5113	1506
4892	1505
4840	1504
4125	1503
3331	1502
3025	1501
2068	1500
2003	1499
1233	1498
as	1497
9685	1496
9558	1495
9245	1494
8814	1493
7339	1492
7314	1491
7151	1490
6230	1489
4403	1488
4268	1487
2617	1486
8389	1485
7835	1484
4309	1483
3984	1482
3385	1481
1705	1480
9826	1479
7454	1478
3651	1477
2066	1476
1207	1475
8062	1474
avg	1473
3000	1472
7000	1471
'Scheduled'	1470
'On Time'	1469
7045	2818
'Departed'	1468
'Boarding'	1467
'Arrived'	1466
cnt	1465
'Aanya Thakor'	1464
'Aanya Thakare'	1463
'Aanya Tara'	1462
'Aanya Tanti'	1461
'Aanya Tambe'	1460
5115	7376
'Aanya Talukdar'	1459
'Aanya Taka'	1458
'Aanya Tadavi'	1457
'Aanya Swain'	1456
'Aanya Suthar'	1455
'Aanya Sutar'	1454
'Aanya Suryavanshi'	1453
'Aanya Srivastava'	1452
'Aanya Soren'	1451
'Aanya Sonvane'	1450
'Aanya Sontakke'	1449
'Aanya Sonowal'	1448
'Aanya Sonkar'	1447
'Aanya Soni'	1446
'Aanya Solanki'	1445
'Aanya Solank'	1444
'Aanya Sodha'	1443
'Aanya Sinha'	1442
'Aanya Sinh'	1441
'Aanya Sil'	1440
'Aanya Shyam'	1439
'Aanya Shukla'	1438
'Aanya Shrivastav'	1437
'Aanya Shinde'	1436
'Aanya Shelke'	1435
'Aanya Shek'	1434
'Aanya Shaw'	1433
'Aanya Sharma'	1432
'Aanya Shankar'	1431
'Aanya Shamar'	1430
'Aanya Shabar'	1429
'Aanya Sethi'	1428
'Aanya Senapati'	1427
'Aanya Sen'	1426
'Aanya Sekh'	1425
'Aanya Sawant'	1424
'Aanya Saw'	1423
'Aanya Sathe'	1422
'Aanya Saroj'	1421
'Aanya Sarkar'	1420
'Aanya Sardar'	1419
'Aanya Santra'	1418
'Aanya Sangma'	1417
'Aanya Samanta'	1416
'Aanya Samant'	1415
'Aanya Salve'	1414
'Aanya Salunkhe'	1413
'Aanya Saksena'	1412
'Aanya Sai'	1411
'Aanya Sahu'	1410
'Aanya Sahoo'	1409
'Aanya Sahni'	1408
'Aanya Sahani'	1407
'Aanya Saha'	1406
'Aanya Sah'	1405
'Aanya Sada'	1404
'Aanya Roy'	1403
'Aanya Rout'	1402
'Aanya Rishi'	1401
'Aanya Reddy'	1400
'Aanya Reang'	1399
'Aanya Ray'	1398
'Aanya Ravidas'	1397
'Aanya Ravi'	1396
'Aanya Ravat'	1395
'Aanya Raut'	1394
'Aanya Ranjan'	1393
'Aanya Rani'	1392
'Aanya Rana'	1391
'Aanya Ramani'	1390
'Aanya Raju'	1389
'Aanya Rajbhar'	1388
'Aanya Rajbanshi'	1387
'Aanya Raja'	1386
'Aanya Raj'	1385
'Aanya Rai'	1384
'Aanya Rabha'	1383
'Aanya Rabari'	1382
'Aanya Rabar'	1381
'Aanya Pravin'	1380
'Aanya Praveen'	1379
'Aanya Prasad'	1378
'Aanya Pramanik'	1377
'Aanya Prakash'	1376
'Aanya Pradhana'	1375
'Aanya Pradhan'	1374
'Aanya Poddar'	1373
'Aanya Pegu'	1372
'Aanya Pawar'	1371
'Aanya Pavar'	1370
'Aanya Paul'	1369
'Aanya Patra'	1368
'Aanya Patil'	1367
4593	2236
'Aanya Pati'	1366
'Aanya Pathak'	1365
'Aanya Patar'	1364
'Aanya Patal'	1363
'Aanya Paswan'	1362
'Aanya Pasavan'	1361
'Aanya Parkash'	1360
'Aanya Parida'	1359
'Aanya Pardeshi'	1358
'Aanya Paravin'	1357
'Aanya Paramar'	1356
'Aanya Panigrahi'	1355
'Aanya Pandit'	1354
4887	5225
'Aanya Pandeya'	1353
'Aanya Pandey'	1352
'Aanya Pande'	1351
'Aanya Panday'	1350
'Aanya Panda'	1349
'Aanya Panchal'	1348
'Aanya Pal'	1347
'Aanya Paik'	1346
'Aanya Padhi'	1345
'Aanya Oraon'	1344
'Aanya Oram'	1343
5270	4334
'Aanya Orain'	1342
8136	4604
'Aanya Ojha'	1341
'Aanya Nishad'	1340
'Aanya Nisha'	1339
'Aanya Nikam'	1338
'Aanya Nesha'	1337
'Aanya Negi'	1336
'Aanya Nayka'	1335
'Aanya Nayak'	1334
'Aanya Nath'	1333
'Aanya Naskar'	1332
'Aanya Narzary'	1331
'Aanya Narayan'	1330
'Aanya Nandi'	1329
'Aanya Nanda'	1328
'Aanya Nand'	1327
'Aanya Nakka'	1326
'Aanya Nair'	1325
5499	9990
'Aanya Naik'	1324
'Aanya Nahak'	1323
'Aanya Nagar'	1322
'Aanya Nag'	1321
'Aanya Nadaf'	1320
'Aanya Murmu'	1319
'Aanya Murmmu'	1318
'Aanya Munda'	1317
'Aanya Mukhi'	1316
'Aanya Mukherjee'	1315
'Aanya Muduli'	1314
'Aanya More'	1313
'Aanya Mondal'	1312
'Aanya Mohite'	1311
'Aanya Mohanty'	1310
'Aanya Mohanta'	1309
'Aanya Mohan'	1308
'Aanya Modi'	1307
'Aanya Modak'	1306
'Aanya Mochi'	1305
'Aanya Mistri'	1304
'Aanya Mishra'	1303
'Aanya Mia'	1302
'Aanya Meshram'	1301
'Aanya Mehta'	1300
'Aanya Meher'	1299
2640	6013
'Aanya Mazumder'	1298
'Aanya Maurya'	1297
'Aanya Mati'	1296
'Aanya Mathew'	1295
'Aanya Mardi'	1294
'Aanya Marandi'	1293
'Aanya Marak'	1292
'Aanya Mar'	1291
'Aanya Manna'	1290
'Aanya Manjhi'	1289
'Aanya Mani'	1288
'Aanya Mane'	1287
'Aanya Mandi'	1286
'Aanya Mandal'	1285
'Aanya Mallik'	1284
'Aanya Mallick'	1283
'Aanya Mali'	1282
'Aanya Malek'	1281
'Aanya Malakar'	1280
'Aanya Majumdar'	1278
'Aanya Maji'	1277
'Aanya Majhi'	1276
'Aanya Maity'	1275
'Aanya Maiti'	1274
'Aanya Maiiti'	1273
'Aanya Mahtre'	1272
'Aanya Mahto'	1271
'Aanya Mahato'	1270
'Aanya Mahata'	1269
'Aanya Maharana'	1268
'Aanya Mahapatra'	1267
'Aanya Mahanta'	1266
'Aanya Mahali'	1265
'Aanya Mahale'	1264
'Aanya Mahakud'	1263
'Aanya Mahajan'	1262
'Aanya Madavi'	1261
'Aanya Lone'	1260
'Aanya Lokhande'	1259
'Aanya Lohar'	1258
'Aanya Lenka'	1257
'Aanya Lata'	1256
'Aanya Laskar'	1255
'Aanya Lakshmi'	1254
'Aanya Lakra'	1253
'Aanya Kuvar'	1252
'Aanya Kutty'	1251
'Aanya Kushwaha'	1250
'Aanya Kurmi'	1249
'Aanya Kuresi'	1248
9171	7822
'Aanya Kunwar'	1247
'Aanya Kunvar'	1246
'Aanya Kundu'	1245
'Aanya Kumbhar'	1244
'Aanya Kumari'	1243
'Aanya Kulkarni'	1242
'Aanya Kulakarni'	1241
'Aanya Kujur'	1240
'Aanya Kui'	1239
'Aanya Kshirsagar'	1238
'Aanya Kshetrapal'	1237
'Aanya Krishna'	1236
'Aanya Krishan'	1235
'Aanya Kour'	1234
'Aanya Konda'	1233
'Aanya Koli'	1232
'Aanya Koley'	1231
'Aanya Kol'	1230
'Aanya Kisku'	1229
'Aanya Kishor'	1228
'Aanya Kharat'	1227
'Aanya Khade'	1226
'Aanya Kaur'	1225
'Aanya Katar'	1224
'Aanya Kashyap'	1223
7311	9387
'Aanya Karri'	1222
'Aanya Karmakar'	1221
'Aanya Kar'	1220
'Aanya Kapoor'	1219
'Aanya Kanwar'	1218
'Aanya Kanvar'	1217
'Aanya Kant'	1216
'Aanya Kami'	1215
'Aanya Kamble'	1214
'Aanya Kambale'	1213
'Aanya Kalita'	1212
'Aanya Kali'	1211
'Aanya Kale'	1210
'Aanya Kala'	1209
'Aanya Kakde'	1208
'Aanya Kadam'	1207
'Aanya Josi'	1206
'Aanya Joshi'	1205
'Aanya Jhala'	1204
'Aanya Jha'	1203
'Aanya Jena'	1202
'Aanya Jani'	1201
'Aanya Jana'	1200
'Aanya Jaiswal'	1199
'Aanya Jain'	1198
'Aanya Jaha'	1197
'Aanya Jadhav'	1196
'Aanya Jadej'	1195
'Aanya Jadav'	1194
'Aanya Ingle'	1193
'Aanya Husen'	1192
'Aanya Honsa'	1191
'Aanya Hiremath'	1190
2082	5943
'Aanya Hembrom'	1189
'Aanya Hembram'	1188
'Aanya Hemaram'	1187
'Aanya Hazra'	1186
'Aanya Hazarika'	1185
'Aanya Harijan'	1184
'Aanya Hansda'	1183
'Aanya Hansada'	1182
'Aanya Halder'	1181
'Aanya Haldar'	1180
'Aanya Halapit'	1179
'Aanya Hajong'	1178
'Aanya Gurung'	1177
'Aanya Gurram'	1176
'Aanya Gurav'	1175
'Aanya Gupta'	1174
'Aanya Goud'	1173
'Aanya Goswami'	1172
'Aanya Gore'	1171
'Aanya Gorai'	1170
'Aanya Gope'	1169
'Aanya Gopal'	1168
'Aanya Golla'	1167
'Aanya Goihal'	1166
'Aanya Gogoi'	1165
'Aanya Giri'	1164
'Aanya Ghule'	1163
'Aanya Ghosh'	1162
'Aanya Ghorai'	1161
'Aanya Gayen'	1160
'Aanya Gayakwad'	1159
'Aanya Gawde'	1158
'Aanya Gavli'	1157
'Aanya Gavit'	1156
'Aanya Gavande'	1155
'Aanya Gautam'	1154
'Aanya Gaud'	1153
'Aanya Garg'	1152
'Aanya Garai'	1151
'Aanya Gangurde'	1150
'Aanya Ganguly'	1149
'Aanya Gandhi'	1148
'Aanya Gamit'	1147
'Aanya Gamar'	1146
'Aanya Gain'	1145
'Aanya Gadekar'	1144
3216	9819
'Aanya Gade'	1143
'Aanya Ekka'	1142
'Aanya Dutta'	1141
'Aanya Dulari'	1140
'Aanya Dubey'	1139
'Aanya Dube'	1138
'Aanya Dongre'	1137
'Aanya Doley'	1136
'Aanya Dolai'	1135
'Aanya Dixit'	1134
'Aanya Dikshit'	1133
'Aanya Dhar'	1132
'Aanya Dhal'	1131
'Aanya Dey'	1130
'Aanya Devre'	1129
'Aanya Devkar'	1128
'Aanya Devi'	1127
'Aanya Deshmukh'	1126
'Aanya Desai'	1125
'Aanya Deka'	1124
'Aanya Dei'	1123
'Aanya Dehuri'	1122
'Aanya Debnath'	1121
'Aanya Debi'	1120
'Aanya Debbarma'	1119
'Aanya Deb'	1118
'Aanya Dayal'	1117
'Aanya Datta'	1116
'Aanya Datt'	1115
'Aanya Dass'	1114
'Aanya Dash'	1113
'Aanya Dasari'	1112
'Aanya Dar'	1111
'Aanya Dangar'	1110
'Aanya Damor'	1109
'Aanya Dalui'	1108
'Aanya Dalei'	1107
'Aanya Dalal'	1106
'Aanya Dalai'	1105
'Aanya Daimary'	1104
'Aanya Daimari'	1103
'Aanya Chutia'	1102
'Aanya Chhetri'	1101
'Aanya Chetry'	1100
'Aanya Chetia'	1099
'Aanya Chavhan'	1098
'Aanya Chaupal'	1097
'Aanya Chaughari'	1096
'Aanya Chaudhri'	1095
'Aanya Chaudhary'	1094
'Aanya Chaudhari'	1093
'Aanya Chatterjee'	1092
'Aanya Charan'	1091
'Aanya Chandra'	1090
'Aanya Chanda'	1089
'Aanya Chand'	1088
'Aanya Chakraborty'	1087
'Aanya Chakma'	1086
'Aanya Chakali'	1085
'Aanya Cauhan'	1084
'Aanya Caudhari'	1083
'Aanya Caudhar'	1082
'Aanya Brahme'	1081
'Aanya Bose'	1080
'Aanya Boro'	1079
'Aanya Borkar'	1078
'Aanya Bordoloi'	1077
'Aanya Borah'	1076
'Aanya Bora'	1075
4312	7287
'Aanya Boddu'	1074
'Aanya Biswal'	1073
'Aanya Bisht'	1072
'Aanya Biradar'	1071
'Aanya Bihari'	1070
'Aanya Bhuyan'	1069
'Aanya Bhutia'	1068
'Aanya Bhushan'	1067
'Aanya Bhukya'	1066
'Aanya Bhuiyan'	1065
'Aanya Bhuiya'	1064
'Aanya Bhoyar'	1063
'Aanya Bhowmik'	1062
'Aanya Bhowmick'	1061
'Aanya Bhosle'	1060
'Aanya Bhosale'	1059
'Aanya Bhoir'	1058
'Aanya Bhoi'	1057
'Aanya Bhila'	1056
'Aanya Bhattacharya'	1055
'Aanya Bhattacharjee'	1054
'Aanya Bhatt'	1053
'Aanya Bhatra'	1052
'Aanya Bhatia'	1051
2316	5971
'Aanya Bhati'	1050
'Aanya Bhatara'	1049
'Aanya Bhat'	1048
'Aanya Bharti'	1047
'Aanya Bhardwaj'	1046
'Aanya Bharavad'	1045
2404	5987
'Aanya Bharati'	1044
'Aanya Bhanu'	1043
'Aanya Bhangi'	1042
'Aanya Bhandari'	1041
'Aanya Bhan'	1040
'Aanya Bhalerao'	1039
'Aanya Bhakta'	1038
'Aanya Bhagat'	1037
'Aanya Bhabhor'	1036
'Aanya Bha'	1035
'Aanya Bewa'	1034
'Aanya Besra'	1033
'Aanya Bera'	1032
'Aanya Behera'	1031
'Aanya Bauri'	1030
'Aanya Bathula'	1029
'Aanya Basumatary'	1028
'Aanya Basu'	1027
'Aanya Baske'	1026
'Aanya Basha'	1025
'Aanya Basak'	1024
'Aanya Barui'	1023
'Aanya Baruah'	1022
'Aanya Barot'	1021
'Aanya Barman'	1020
'Aanya Barla'	1019
'Aanya Barik'	1018
'Aanya Bariha'	1017
'Aanya Baria'	1016
'Aanya Bari'	1015
'Aanya Barbhuiya'	1014
'Aanya Baray'	1013
'Aanya Baral'	1012
'Aanya Baraiy'	1011
'Aanya Barad'	1010
'Aanya Bansal'	1009
'Aanya Banik'	1008
'Aanya Banerjee'	1007
'Aanya Bandi'	1006
'Aanya Bambhaniy'	1005
'Aanya Bala'	1004
'Aanya Bajaj'	1003
'Aanya Baishya'	1002
'Aanya Baidya'	1001
1594	6963
'Aanya Bai'	1000
'Aanya Bahadur'	999
'Aanya Bagvan'	998
'Aanya Bagum'	997
'Aanya Bagul'	996
'Aanya Bagdi'	995
'Aanya Bag'	994
'Aanya Badiger'	993
'Aanya Babu'	992
'Aanya Babar'	991
'Aanya Avasthi'	990
'Aanya Arya'	989
'Aanya Arora'	988
'Aanya Arif'	987
'Aanya Areddy'	986
'Aanya Anand'	985
'Aanya Amma'	984
'Aanya Aira'	983
'Aanya Ahuja'	982
'Aanya Ahire'	981
'Aanya Aher'	980
'Aanya Agrawal'	979
4065	8262
'Aanya Aggarwal'	978
'Aanya Agarwal'	977
'Aanya Adhikari'	976
'Aanya Ade'	975
'Aanya Adak'	974
'Aanya Acharya'	973
'Aanya Aakula'	972
'Aada Siitonen'	971
'Aada Pitkänen'	970
'Aada Koskinen'	969
'Aada Koivuniemi'	968
'Aanya Mal'	1279
'Aada Hirvonen'	967
'Aada Heikkinen'	966
'Aada Harju'	965
5000	964
'Delayed'	963
'Cancelled'	962
'0057V9'	961
'0057LL'	960
'00576X'	959
'00576J'	958
'00573I'	957
'0056S8'	956
'0056JM'	955
'0056IF'	954
'005616'	953
'0055J0'	952
'0053GE'	951
'0053FY'	950
'0053BE'	949
'0052YS'	948
'0051IO'	947
'0050Y5'	946
'0050JX'	945
'0050AH'	944
'004ZNG'	943
'004YD0'	942
'004Y0A'	941
'004W4P'	940
'004W3U'	939
'004SLQ'	938
'004RNF'	937
'004RE8'	936
'004QGX'	935
'004Q2L'	934
'004OLV'	933
'004O5T'	932
'004NVQ'	931
'004NJW'	930
'004N3Z'	929
'004MS8'	928
'004M7M'	927
'004LIS'	926
'004LGT'	925
'004KVC'	924
'004KTV'	923
'004K3P'	922
'004ICN'	921
'004IBM'	920
'004I6T'	919
'004HVE'	918
'004HOW'	917
'004HFM'	916
'004FWB'	915
'004F92'	914
'004F4V'	913
'004E4Q'	912
'004DES'	911
'004CZS'	910
'004COG'	909
'0049KJ'	908
'0049JX'	907
'0048LF'	906
'0048L5'	905
'0047MP'	904
'00468X'	903
'0044GT'	902
3569	5071
'00449L'	901
'0043RV'	900
'00435W'	899
'004337'	898
'0042L0'	897
'0042C3'	896
6060	7487
'00411B'	895
'00408Y'	894
'003YUP'	893
'003YFL'	892
'003YDK'	891
'003Y8Q'	890
'003XND'	889
'003X8U'	888
'003WTR'	887
'003VEZ'	886
'003RVF'	885
'003RQH'	884
'003RG1'	883
'003QZX'	882
'003QYV'	881
8237	6682
'003QU3'	880
'003P4U'	879
'003MLF'	878
'003MDB'	877
'003KY3'	876
'003KJ8'	875
'003J88'	874
'003IJV'	873
'003IGO'	872
'003ICY'	871
'003HIK'	870
'003GUS'	869
'003GLY'	868
'003F81'	867
'003F1G'	866
'003EWM'	865
'003EG0'	864
'003EBP'	863
'003DPA'	862
'003CQ3'	861
'003BML'	860
'0039XN'	859
'0039JP'	858
'0039D0'	857
'00394Y'	856
'0037ET'	855
'0036WA'	854
'003692'	853
'0035KR'	852
'00356L'	851
'003495'	850
'0033U7'	849
'0033HJ'	848
'0033B7'	847
'00333Z'	846
'00323B'	845
'0031QE'	844
'0031H8'	843
'002ZQ8'	842
'002ZDZ'	841
'002XY4'	840
'002WUP'	839
'002WE1'	838
'002UB0'	837
'002U7W'	836
'002U2X'	835
'002U0B'	834
'002T3A'	833
'002SGM'	832
'002S04'	831
'002RBC'	830
'002QUM'	829
'002QRP'	828
'002Q9P'	827
'002Q98'	826
'002PSU'	825
'002OV7'	824
'002MYE'	823
'002MSX'	822
'002M6P'	821
'002LJ0'	820
'002K85'	819
'002J61'	818
'002J2F'	817
'002IWY'	816
'002IRT'	815
'002I8C'	814
'002H9P'	813
'002H9F'	812
'002H0O'	811
'002GZM'	810
'002GS5'	809
'002GFH'	808
'002FX3'	807
'002FKD'	806
'002EXR'	805
'002ETB'	804
'002EI0'	803
'002DR1'	802
'002DIY'	801
'002DCI'	800
'002CXT'	799
'002C1C'	798
'002A2M'	797
'002A19'	796
'0029OT'	795
'0029DC'	794
'0028AH'	793
'0026S7'	792
'0026C2'	791
'002671'	790
'0025BZ'	789
'0024X0'	788
'0024FJ'	787
'002398'	786
'0022S1'	785
'00223X'	784
'0021GO'	783
'0021AN'	782
'002160'	781
'0020XT'	780
'0020OR'	779
'001ZID'	778
'001YRS'	777
'001YOM'	776
'001XRY'	775
'001XKV'	774
'001XKB'	773
'001WVT'	772
'001UX6'	771
'001TJW'	770
'001TD2'	769
'001TCK'	768
'001T80'	767
'001SWQ'	766
'001SLL'	765
'001SB2'	764
'001RD5'	763
'001QR2'	762
'001QQD'	761
'001QIB'	760
'001P5Y'	759
'001O5P'	758
'001NSQ'	757
'001NDY'	756
'001N1Z'	755
'001LVE'	754
'001LQQ'	753
'001JTO'	752
'001JAM'	751
'001J3D'	750
'001IL9'	749
'001I8H'	748
'001HOA'	747
'001GBX'	746
'001FFI'	745
'001D6V'	744
'001ASV'	743
'0019ZA'	742
'0019KU'	741
'0019DS'	740
'0018YC'	739
'0018F4'	738
'0017Z3'	737
'0017TJ'	736
'00172L'	735
'00170I'	734
'001677'	733
'00163Z'	732
'0015R2'	731
'00147K'	730
'0012YP'	729
'0012JI'	728
'0012FB'	727
'001214'	726
'0011ZA'	725
'00117M'	724
'000ZXB'	723
'000XRB'	722
'000XEF'	721
'000WTQ'	720
'000WGM'	719
'000W6I'	718
'000W3C'	717
'000VVS'	716
'000VIA'	715
'000UXB'	714
'000U3Y'	713
'000RDY'	712
'000Q5E'	711
'000PH2'	710
'000P0O'	709
'000O35'	708
'000NK0'	707
'000MZG'	706
'000MGE'	705
'000MC9'	704
'000L45'	703
'000KRD'	702
'000K93'	701
'000K1L'	700
'000K0Z'	699
7493	2855
'000JGT'	698
'000J03'	697
'000I6P'	696
'000GTM'	695
'000GGE'	694
'000G0B'	693
'000FUD'	692
'000FHR'	691
'000ETT'	690
'000E8L'	689
'000DP2'	688
'000DC1'	687
'000D4X'	686
'000CTL'	685
'000CMR'	684
'000AB9'	683
'000AAR'	682
'0009RQ'	681
'00090X'	680
'000898'	679
'00083M'	678
'0007KC'	677
'00073I'	676
'0006EI'	675
'00062G'	674
'0005N3'	673
'000562'	672
'0004O1'	671
'0004FH'	670
'00040W'	669
'0002X7'	668
'0002HK'	667
'00027P'	666
'0001YL'	665
'0001FX'	664
'0000EG'	663
'00008A'	662
10000	661
group	660
desc	659
'E70'	658
'CR7'	657
'7M7'	656
'789'	655
'77W'	654
'76F'	653
'35X'	652
'351'	651
'339'	650
'32N'	649
speed	648
'Atoifi'	647
'Aral'	646
'Alamosa'	645
'Båtsfjord'	644
'Bartow'	643
'Banjul'	642
'Asunción'	641
'Annapolis'	640
'Alta Floresta'	639
'Alice Town'	638
'Agadez'	637
'Bequia'	636
'Belém'	635
'Belo Horizonte'	634
'Bedwell Harbour'	633
'Beaver Falls'	632
'Beaumont'	631
'Bauru'	630
'Battambang'	629
'Batna'	628
'Batman'	627
'Bata'	626
4008	6165
'Barrie'	625
'Barra del Colorado'	624
'Barisal'	623
'Barahona'	622
'Bam'	621
'Baltimore'	620
'Balmaceda'	619
'Balikesir'	618
'Bakalalan'	617
'Bairnsdale'	616
'Baimuru'	615
'Axum'	614
'Austin'	613
'Augusta'	612
'Augsburg'	611
'Auckland'	610
'Atlantic City'	609
'Atar'	608
'Asturias'	607
'Asosa'	606
'Ascension Island'	605
'Asahikawa'	604
'Arvaikheer'	603
'Armstrong'	602
'Ardabil'	601
'Arctic Bay'	600
'Araraquara'	599
'Arak'	598
'Aracaju'	597
'Apatity'	596
'Aomori'	595
'Antsohihy'	594
'Antsiranana'	593
'Ankang'	592
'Angleton'	591
'Andenes'	590
'Anadyr'	589
'Anaa'	588
'Amman'	587
'Amboseli National Park'	586
'Ambon'	585
'Alotau'	584
'Almeirim'	583
'Almaty'	582
'Alliance'	581
'Alldays'	580
'Allahabad'	579
'Alice Springs'	578
'Alexander Bay'	577
'Aleknagik'	576
'Aldan'	575
'Albina'	574
'Al-Baha'	573
'Akureyri'	572
'Airlie Beach'	571
'Ahwaz'	570
'Aggeneys'	569
'Afyon'	568
'Addis Ababa'	567
'Acandi'	566
'Abu Musa Island'	565
'Abidjan'	564
'Abbeville'	563
'Abakan'	562
'108 Mile Ranch'	561
'Ålesund'	560
'Ängelholm'	559
's Town'	558
'Bălți'	557
'Béchar'	556
'Bermejo'	555
'Berlin'	554
'Berlevåg'	553
'Bergerac'	552
'Bergen'	551
'Bergen auf Rügen'	550
'Berezovo'	549
'Berens River'	548
'Berbérati'	547
'Berbera'	546
'Benson'	545
5003	4304
'Beni Mellal'	544
'Benguela'	543
'Bengkulu'	542
'Benghazi'	541
'Bendigo'	540
'Benbecula'	539
'Ben Slimane'	538
'Bemidji'	537
'Bembridge'	536
'Beloyarsky'	535
'Belo sur Tsiribihina'	534
'Bellingham'	533
'Belleville'	532
'Bellary'	531
'Bella Coola'	530
3875	6154
'Belize City'	529
'Belgrade'	528
'Belgorod'	527
'Belgaum'	526
'Belfort'	525
'Belfast'	524
'Belaga'	523
'Bekily'	522
'Bejaja'	521
'Beja'	520
'Beirut'	519
'Beira'	518
'Beijing'	517
'Beihan'	516
'Beihai'	515
1750	3270
'Beica'	514
'Beersheba'	513
'Bedourie'	512
'Bedford'	511
'Beckley'	510
'Beaver'	509
'Beauvais'	508
'Beaufort'	507
'Bearskin Lake'	506
'Bayreuth'	505
'Bayannur'	504
'Bayankhongor'	503
'Bayamo'	502
'Baudette'	501
'Baucau'	500
'Batuna'	499
'Batumi'	498
'Batu Licin'	497
'Batticaloa'	496
'Baton Rouge'	495
'Bathurst'	494
'Bathurst Island'	493
'Batam'	492
'Batagay'	491
'Bastia'	490
'Basseterre'	489
'Basse-Terre'	488
'Basra'	487
'Basankusu'	486
'Bartica'	485
'Barth'	484
'Barter Island'	483
'Barrow'	482
'Barrow Island'	481
'Barreiras'	480
'Barranquilla'	479
'Barrancabermeja'	478
'Barra'	477
'Barra do Garças'	476
'Barquisimeto'	475
'Barnaul'	474
'Bario'	473
'Barinas'	472
'Bari'	471
'Bareilly'	470
'Bardufoss'	469
'Barcelos'	468
'Barcelona'	467
'Barcaldine'	466
'Baracoa'	465
'Bar Harbor'	464
'Baotou'	463
'Baoshan'	462
'Bantry'	461
'Bannu'	460
'Banmaw'	459
'Banjarmasin'	458
'Banja Luka'	457
'Bangui'	456
'Bangor'	455
'Bangkok'	454
'Bangalore'	453
'Bandung'	452
'Bandundu'	451
'Bandirma'	450
'Bandar Seri Begawan'	449
'Bandar Mahshahr'	448
'Bandar Lengeh'	447
'Bandar Lampung'	446
'Bandar Abbas'	445
'Banda Aceh'	444
'Ban Houayxay'	443
'Bamyan'	442
'Bamenda'	441
8723	8695
'Bamako'	440
'Bamaga'	439
'Balıkesir'	438
'Baltra'	437
'Ballina'	436
'Ballera'	435
'Ballalae'	434
'Balkhash'	433
'Balimo'	432
'Balikpapan'	431
'Baler'	430
'Balakovo'	429
'Baku'	428
'Bakersfield'	427
'Baker Lake'	426
'Bakel'	425
'Bajura'	424
'Bajhang'	423
'Baishan'	422
'Baise'	421
'Bainbridge'	420
'Baikonur'	419
'Baie Comeau'	418
'Baia Mare'	417
'Bahía Solano'	416
'Bahía Blanca'	415
'Bahawalpur'	414
'Bahar Dar'	413
'Bagé'	412
'Baguio'	411
'Bagotville'	410
'Baghdad'	409
'Bagan'	408
'Bafoussam'	407
'Badu Island'	406
'Badin'	405
'Badajoz'	404
'Bacolod'	403
'Bacau'	402
'Babo'	401
'Babelthuap'	400
'Ağrı'	399
'Ayolas'	398
'Ayacucho'	397
'Avon Park'	396
'Avignon'	395
'Aviano'	394
'Avarua'	393
'Avalon'	392
'Auxerre'	391
'Aurukun'	390
'Aurillac'	389
'Aurangabad'	388
'Aupaluk'	387
'Auki'	386
'Auburn'	385
'Aubenas'	384
'Atyrau'	383
'Atuona'	382
'Attawapiskat'	381
'Atsugi'	380
'Atqasuk'	379
'Atlanta'	378
'Atka'	377
'Atiu'	376
'Atikokan'	375
'Athens'	374
'Atbara'	373
'Ataq'	372
'Asyut'	371
'Aswan'	370
'Astypalaia'	369
'Astrakhan'	368
'Astoria'	367
'Astana'	366
'Assab'	365
'Aspen'	364
'Asmara'	363
'Ashgabad'	362
'Asheville'	361
'Asaloyeh'	360
'Asaba'	359
'Arvidsjaur'	358
'Arviat'	357
'Arutua'	356
'Arusha'	355
'Arua'	354
'Arthur'	353
5122	8349
'Arrecife'	352
'Arorae'	351
'Arona'	350
'Armidale'	349
'Arkhangelsk'	348
'Arkalyk'	347
'Arica'	346
'Argyle'	345
'Arequipa'	344
'Arecibo'	343
'Ardmore'	342
'Arctic Village'	341
'Arcata'	340
'Arba Minch'	339
'Araxa'	338
'Arauca'	337
'Araracuara'	336
'Arar'	335
'Araguaína'	334
'Arad'	333
'Aracatuba'	332
'Aqaba'	331
'Appleton'	330
'Apia'	329
'Apataki'	328
'Apartadó'	327
'Apalachicola'	326
'Aosta'	325
'Anvik'	324
'Anuradhapura'	323
'Antwerp'	322
'Antsirabe'	321
'Antsalova'	320
'Antofagasta'	319
'Antigua'	318
'Antananarivo'	317
'Antalya'	316
'Antalaha'	315
'Anta'	314
'Anshun'	313
'Anshan'	312
'Anqing'	311
'Anniston'	310
'Annette Island'	309
'Annemasse'	308
'Annecy'	307
'Annai'	306
'Annaba'	305
'Ann'	304
'Ann Arbor'	303
'Ankavandra'	302
'Ankara'	301
'Anjouan'	300
'Aniwa'	299
'Aniak'	298
'Angoulême'	297
'Angoon'	296
'Angling Lake'	295
'Angers'	294
'Angelsey'	293
'Angeles City'	292
'Aneityum'	291
5805	1612
'Andros Town'	290
'Andravida'	289
'Andoas'	288
'Andizhan'	287
'Anderson'	286
'Andapa'	285
'Andahuaylas'	284
'Ancona'	283
'Anchorage'	282
'Anapa'	281
'Anambas Islands'	280
'Analalava'	279
'Anaktuvuk Pass'	278
'Anahim Lake'	277
'Anaco'	276
'Amsterdam'	275
'Amritsar'	274
'Ampara'	273
'Amderma'	272
'Ambler'	271
'Ambilobe'	270
'Ambatondrazaka'	269
'Ambato'	268
'Ambanja'	267
'Amarillo'	266
'Amami'	265
'Amakusa'	264
'Am Timan'	263
'Alverca'	262
'Alula'	261
'Altus'	260
'Altoona'	259
'Alto Río Senguer'	258
'Altenrhein'	257
'Altenburg'	256
'Altay'	255
'Altamira'	254
3857	9132
'Altai'	253
'Alta'	252
'Alpena'	251
'Alor Setar'	250
'Alor Island'	249
'Along'	248
'Alofi'	247
'Almería'	246
'Alma'	245
'Alluitsup Paa'	244
'Allentown'	243
'Allakaket'	242
'Alice'	241
'Alicante'	240
'Algiers'	239
'Alghero'	238
'Alexandroupolis'	237
'Alexandria'	236
'Alexandra'	235
'Alert'	234
'Aleppo'	233
'Alderney'	232
'Albury'	231
'Albuquerque'	230
'Albi'	229
'Albert'	228
'Albenga'	227
'Albany'	226
'Albacete'	225
'Alamogordo'	224
'Alameda'	223
'Alakanuk'	222
'Al-Ula'	221
'Al-Jawf'	220
'Al-Ahsa'	219
'Al Wajh'	218
'Al Qaisumah'	217
'Al Kharj'	216
'Al Hoceima'	215
'Al Ghaydah'	214
'Al Fallujah'	213
'Al Bakr'	212
'Al Asad'	211
'Al Ain'	210
'Al Abraq'	209
'Akutan'	208
'Akure'	207
'Akulivik'	206
'Aktyubinsk'	205
'Aktau'	204
'Aksu'	203
'Akrotiri'	202
'Akron'	201
'Akola'	200
'Aklavik'	199
'Akita'	198
'Akiak'	197
'Akhiok'	196
'Ajaccio'	195
'Aizawl'	194
'Aitutaki'	193
'Aioun El Atrouss'	192
'Aiken'	191
'Ahuas'	190
'Ahmedabad'	189
'Ahe'	188
'Aguni'	187
'Aguascalientes'	186
'Aguadilla'	185
'Agrinio'	184
'Agra'	183
'Aghajari'	182
'Agen'	181
'Agatti'	180
'Agartala'	179
'Agadir'	178
'Afutara'	177
'Adıyaman'	176
'Adrar'	175
'Aden'	174
'Adelaide'	173
'Adana'	172
'Adak Island'	171
'Ada'	170
'Accra'	169
'Acarigua'	168
'Acapulco'	167
'Abuja'	166
'Abu Simbel'	165
'Abu Dhabi'	164
'Ablow'	163
'Abilene'	162
'Abha'	161
'Aberdeen'	160
'Abemama Atoll'	159
'Abeche'	158
'Abbotsford'	157
'Abaiang Atoll'	156
'Abadan'	155
'Aasiaat'	154
'Aarhus'	153
'Aalborg'	152
'Aachen'	151
'A Coruña'	150
order	149
'Benin'	148
'Armenia'	147
'Angola'	146
range	145
by	144
true	143
false	142
'Economy'	141
'Comfort'	140
'Business'	139
model	138
25	137
15	136
3902	7242
100	135
3	134
20	133
10	132
1	131
5	130
outbound	129
seats	128
a	127
airplanes_data	126
airplane_code	125
timetable	124
status	123
timezone	122
'BER'	121
'CCU'	120
'MXP'	119
'VIE'	118
'SCL'	117
'WUH'	116
'SVO'	115
'GOI'	114
'PRG'	113
'MCO'	112
'KJA'	111
'CLT'	110
'CTS'	109
'YUL'	108
'XIY'	107
'PNQ'	106
'TFU'	105
'LGW'	104
'LAS'	103
'BOM'	102
'VKO'	101
'LKO'	100
'HGH'	99
'KZN'	98
'DEL'	97
'BGY'	96
'HYD'	95
'FUK'	94
'ATL'	93
'PEK'	92
'KTM'	91
'DEN'	90
'CJC'	89
'FRA'	88
'YOW'	87
'OVB'	86
'AKL'	85
'LED'	84
'UFA'	83
'HND'	82
'DFW'	81
'YEG'	80
'MIA'	79
'CDG'	78
'SHA'	77
'NCE'	76
'JFK'	75
'DME'	74
'ORD'	73
'OKA'	72
'KMG'	71
'COK'	70
'PVG'	69
'LAX'	68
'BLR'	67
'CTU'	66
'LHR'	65
'SZX'	64
'AMD'	63
'HEL'	62
'CAN'	61
'YYZ'	60
'YVR'	59
'MUC'	58
'PKX'	57
'ORY'	56
'MAA'	55
'SVX'	54
'ARN'	53
'FCO'	52
'AER'	51
'YYC'	50
'CKG'	49
f	48
count	47
country	46
)	45
(	44
9274	2439
flights	43
r	42
route_no	41
boarding_no	40
price	39
fare_conditions	38
segments	37
seat_no	36
b	35
on	34
join	33
book_ref	32
bp	31
s	30
city	29
ticket_no	28
tickets	27
airports_data	26
passenger_name	25
,	24
arrival_airport	23
routes	22
t	21
departure_airport	20
<	19
flight_id	18
boarding_passes	17
>	16
between	15
and	14
=	13
total_amount	12
50	11
limit	10
*	9
where	8
select	7
from	6
.	5
bookings	4
<UNK>	3
<EOS>	2
<SOS>	1
<PAD>	0
